order_id,customer_name,email,phone,date_of_birth,customer_age,age_group,gender,order_date,order_year,order_month,order_quarter,product_name,category,unit_price,quantity,discount_pct,total_revenue,payment_method,order_status,return_flag,city,state,pincode,has_contact_info
ORD-10000,Nirja Panchal,fitan79@example.com,1462984388.0,1997-06-29,27,25-34,Male,2022-08-17,2022,8,3,Expedite Plug-And-Play Communities,Books,2749.56,1.0,0.26,2034.67,Debit Card,Shipped,True,Belgaum,Nagaland,278484,True
ORD-10001,Triveni Nigam,jagvibassi@example.net,6129700487.0,1960-06-22,64,55+,Male,2023-02-12,2023,2,1,Utilize Vertical Relationships,Sports,3505.79,3.0,0.38,6520.77,Credit Card,Delivered,True,Srikakulam,Goa,135504,True
ORD-10002,Neelima Patel,indiramallick@example.net,7509587191.0,2000-05-23,24,18-24,Female,2023-12-06,2023,12,4,Monetize Best-Of-Breed Systems,Electronics,4155.55,6.0,0.35,16206.65,Credit Card,Unknown,True,Ajmer,Manipur,200892,True
ORD-10003,Daksh Sule,dbava@example.net,3258267238.0,2005-09-20,19,18-24,Female,2022-06-13,2022,6,2,Synergize Intuitive Partnerships,Electronics,1087.06,2.0,0.09,1978.45,Debit Card,Shipped,True,Guntur,Tripura,397839,True
ORD-10004,Sai Saha,pratyushmaharaj@example.org,1067716040.0,1993-01-31,31,25-34,Male,2023-03-26,2023,3,1,Scale Dynamic Systems,Sports,1375.32,10.0,0.26,10177.37,Cash on Delivery,Returned,False,Nagaon,Karnataka,18038,True
ORD-10005,Mohini Bassi,pallavibutala@example.org,917980473798.0,1988-12-05,36,35-44,Male,2024-07-28,2024,7,3,E-Enable World-Class Markets,Books,4494.22,4.0,0.07,16718.5,Cash on Delivery,Delivered,False,Kurnool,Maharashtra,962727,True
ORD-10006,Jeet Chandran,siya04@example.com,918415093551.0,1965-04-10,59,55+,Male,2022-08-13,2022,8,3,Deliver Enterprise Communities,Home & Kitchen,4980.8,9.0,0.01,44378.93,Credit Card,Unknown,False,Amaravati,Goa,136811,True
ORD-10007,Ishaan Morar,ronith62@example.com,7308935063.0,2002-08-26,22,18-24,Other,2023-07-01,2023,7,3,Disintermediate Virtual Channels,Books,2527.9,2.0,0.15,4297.43,Cash on Delivery,Cancelled,True,Indore,Chhattisgarh,601750,True
ORD-10008,Gopal Raman,prabhakaroliver@example.com,913078044098.0,1963-12-01,61,55+,Female,2022-11-27,2022,11,4,Generate Real-Time Functionalities,Sports,1235.29,10.0,0.04,11858.78,Cash on Delivery,Delivered,True,Bongaigaon,Madhya Pradesh,916133,True
ORD-10009,Wriddhish Bhakta,hdugar@example.net,919674064603.0,1999-12-26,25,25-34,Female,2022-09-15,2022,9,3,Productize Impactful Users,Sports,4823.6,4.0,0.2,15435.52,UPI,Returned,False,Jabalpur,Telangana,808844,True
ORD-10010,Tristan Chander,watikayadav@example.org,9247060293.0,2000-10-25,24,18-24,Male,2022-09-05,2022,9,3,Monetize Collaborative Content,Books,401.42,4.0,0.26,1188.2,Credit Card,Pending,False,Pune,Jharkhand,360220,True
ORD-10011,Balvan Hans,smani@example.org,2017010939.0,1968-09-18,56,55+,Female,2023-07-25,2023,7,3,Iterate Rich Web Services,Books,3933.87,4.0,0.26,11644.26,Net Banking,Pending,False,Nanded,Jharkhand,455377,True
ORD-10012,Kavya Ratti,osha89@example.org,9789101854.0,1988-02-05,36,35-44,Male,2022-04-21,2022,4,2,Envisioneer Best-Of-Breed Applications,Clothing,2704.61,3.0,0.12,7140.17,Credit Card,Returned,False,Eluru,Andhra Pradesh,780040,True
ORD-10013,Indira Sule,iprabhu@example.com,,1988-07-09,36,35-44,Male,2022-07-20,2022,7,3,Drive 24/365 Methodologies,Sports,873.24,4.0,0.45,1921.13,Credit Card,Returned,False,,Uttarakhand,515492,True
ORD-10014,Dhruv Dixit,patrick67@example.com,913826432070.0,1980-04-14,44,35-44,Unspecified,2023-06-28,2023,6,2,Embrace Dynamic E-Tailers,Home & Kitchen,2459.02,4.0,0.29,6983.62,Cash on Delivery,Delivered,True,Sambhal,Assam,628237,True
ORD-10015,Reyansh Pai,banjeetkhurana@example.com,3456300564.0,1996-01-13,28,25-34,Female,2022-04-13,2022,4,2,Transform Magnetic Vortals,Electronics,389.18,4.0,0.47,825.06,Cash on Delivery,Shipped,True,Gwalior,Arunachal Pradesh,206095,True
ORD-10016,Vihaan Raj,ngour@example.net,912335049629.0,1990-09-06,34,25-34,Male,2022-06-17,2022,6,2,Exploit Holistic E-Tailers,Clothing,1605.21,3.0,0.15,4093.29,UPI,Delivered,True,,Madhya Pradesh,404951,True
ORD-10017,Gagan D’Alia,zinalranganathan@example.org,382237124.0,1982-05-02,42,35-44,Female,2022-07-24,2022,7,3,Benchmark Distributed Mindshare,Electronics,1879.16,9.0,0.31,11669.58,Cash on Delivery,Delivered,True,Eluru,Rajasthan,780690,True
ORD-10018,Warjas Pradhan,mshanker@example.com,911297335662.0,1968-06-27,56,55+,Male,2023-09-06,2023,9,3,Re-Contextualize Proactive E-Business,Books,1398.12,6.0,0.32,5704.33,UPI,Cancelled,False,Chittoor,Assam,855578,True
ORD-10019,Gayathri Barad,balreva@example.org,,1971-09-18,53,45-54,Female,2022-04-15,2022,4,2,Evolve Dynamic Applications,Sports,4900.0,8.0,0.21,30968.0,Credit Card,Delivered,False,Korba,Maharashtra,346353,True
ORD-10020,Gautam Kala,arya09@example.net,1458280185.0,1981-03-15,43,35-44,Male,2022-11-02,2022,11,4,Engage B2C Portals,Electronics,4499.96,1.0,0.11,4004.96,Debit Card,Unknown,False,Hazaribagh,Kerala,989450,True
ORD-10021,Yachana Baral,simon93@example.com,910019053224.0,1999-12-29,25,25-34,Unspecified,2024-04-12,2024,4,2,Reinvent Back-End Deliverables,Sports,2090.86,6.0,0.21,9910.68,Debit Card,Pending,False,Karimnagar,Arunachal Pradesh,309322,True
ORD-10022,Yash Arora,lsaxena@example.com,3444768155.0,1975-01-12,50,45-54,Female,2022-08-10,2022,8,3,Extend Synergistic Partnerships,Clothing,3986.96,1.0,0.2,3189.57,UPI,Delivered,True,Vadodara,Punjab,769022,True
ORD-10023,Ladli Merchant,warriorranbir@example.net,2658461792.0,1998-11-20,26,25-34,Male,2023-12-21,2023,12,4,Unleash Cross-Media Metrics,Electronics,1343.02,5.0,0.26,4969.17,Cash on Delivery,Returned,False,Loni,Meghalaya,667630,True
ORD-10024,Wridesh Aurora,lekha99@example.net,3636789919.0,1991-05-29,33,25-34,Female,2023-10-05,2023,10,4,Scale Revolutionary Bandwidth,Clothing,3558.49,15.5,0.47,29233.0,Debit Card,Pending,False,Vadodara,Bihar,293761,True
ORD-10025,Indrajit Hora,lbhardwaj@example.com,913739725689.0,1990-07-21,34,25-34,Female,2023-11-08,2023,11,4,Deploy Interactive Content,Clothing,1664.61,9.0,0.21,11835.38,Net Banking,Unknown,False,Mathura,Nagaland,550091,True
ORD-10026,Krish Bedi,,6317137019.0,1996-06-04,28,25-34,Female,2023-09-09,2023,9,3,Enhance Open-Source Info-Mediaries,Sports,3290.79,8.0,0.26,19481.48,Credit Card,Unknown,True,Gopalpur,Jharkhand,879685,True
ORD-10027,Varenya Edwin,yaminiiyengar@example.org,6773142488.0,1994-08-21,30,25-34,Male,2023-11-18,2023,11,4,Architect Innovative E-Markets,Sports,170.91,8.0,0.38,847.71,Cash on Delivery,Returned,True,Srikakulam,Jharkhand,702362,True
ORD-10028,Aryan Subramaniam,xkanda@example.com,4587299926.0,1972-07-18,52,45-54,Male,2023-02-03,2023,2,1,Evolve Bleeding-Edge Networks,Sports,4433.05,4.0,0.48,9220.74,Cash on Delivery,Returned,False,Morbi,Arunachal Pradesh,716824,True
ORD-10029,Kamya Pall,gshanker@example.com,2223703135.0,1989-08-16,35,35-44,Female,2022-09-06,2022,9,3,Drive User-Centric Models,Books,3788.49,9.0,0.45,18753.03,Cash on Delivery,Shipped,False,Madurai,Meghalaya,628533,True
ORD-10030,Gabriel Jani,banikisaac@example.com,8419604544.0,1993-10-27,31,25-34,Unspecified,2024-07-10,2024,7,3,Exploit B2B Schemas,Home & Kitchen,1234.27,5.0,0.17,5122.22,Cash on Delivery,Delivered,False,Suryapet,Tamil Nadu,673037,True
ORD-10031,Dev Dhar,thomas37@example.org,5593992531.0,1998-09-06,26,25-34,Female,2024-02-24,2024,2,1,Expedite Granular E-Commerce,Books,1073.83,10.0,0.26,7946.34,Cash on Delivery,Unknown,True,Bardhaman,Jharkhand,966723,True
ORD-10032,Theodore Varty,ekani12@example.net,4417214840.0,1964-04-24,60,55+,Other,2023-09-04,2023,9,3,Streamline Sticky E-Business,Books,3036.1,4.0,0.24,9229.74,Net Banking,Pending,False,Ramagundam,Meghalaya,159240,True
ORD-10033,Jackson Khatri,balhaar33@example.org,8584064000.0,1976-07-28,48,45-54,Female,2024-04-08,2024,4,2,Embrace E-Business Platforms,Electronics,2979.87,2.0,0.07,5542.56,Cash on Delivery,Shipped,False,Sultan Pur Majra,Gujarat,852997,True
ORD-10034,Arya Pandya,yogiamrita@example.net,912040669398.0,1989-04-06,35,35-44,Male,2023-11-02,2023,11,4,Architect User-Centric Mindshare,Sports,2136.75,8.0,0.26,12649.56,Cash on Delivery,Delivered,True,Mango,Telangana,729894,True
ORD-10035,Nilima Banik,oscarchaudhary@example.com,5659200284.0,1972-08-22,52,45-54,Male,2023-04-05,2023,4,2,Expedite Cross-Media E-Business,Clothing,3125.61,8.0,0.28,18003.51,Debit Card,Returned,False,Siwan,Andhra Pradesh,905005,True
ORD-10036,Qarin Khalsa,yashvi99@example.com,916648752273.0,1975-06-06,49,45-54,Unspecified,2024-01-26,2024,1,1,Orchestrate 24/7 Channels,Sports,1589.64,5.0,0.45,4371.51,Net Banking,Returned,False,Howrah,Uttar Pradesh,459348,True
ORD-10037,Ojas Khanna,venkataramanyagnesh@example.com,9934197875.0,2000-03-09,24,18-24,Female,2022-06-05,2022,6,2,Cultivate Frictionless Metrics,Sports,4920.03,6.0,0.33,19778.52,Credit Card,Cancelled,True,Imphal,Madhya Pradesh,157148,True
ORD-10038,Ishanvi Mann,chandranhemani@example.org,7960322009.0,1982-02-06,42,35-44,Female,2024-05-10,2024,5,2,Productize Open-Source Mindshare,Books,921.88,5.0,0.46,2489.08,Cash on Delivery,Returned,False,Karawal Nagar,Mizoram,809141,True
ORD-10039,Benjamin Rajan,dayamai58@example.org,9471321969.0,1965-08-11,59,55+,Female,2023-07-04,2023,7,3,Empower Leading-Edge Relationships,Clothing,2870.76,6.0,0.26,12746.17,UPI,Shipped,True,Dhule,Assam,610520,True
ORD-10040,Shravya Venkataraman,phayer@example.net,915790595367.0,1962-04-09,62,55+,Female,2023-06-14,2023,6,2,Disintermediate User-Centric Technologies,Electronics,995.73,7.0,0.38,4321.47,Cash on Delivery,Unknown,False,Ludhiana,Tripura,199396,True
ORD-10041,Triya Karan,vrindasidhu@example.net,8221193364.0,1990-08-02,34,25-34,Other,2022-02-05,2022,2,1,Mesh Best-Of-Breed Markets,Books,2789.69,9.0,0.35,16319.69,UPI,Pending,True,Farrukhabad,Tripura,641647,True
ORD-10042,Krishna Dua,oeshikalita@example.com,2456480779.0,1968-03-07,56,55+,Male,2023-01-30,2023,1,1,Grow Sticky Mindshare,Clothing,2446.78,9.0,0.49,11230.72,Debit Card,Pending,False,Nanded,Gujarat,480477,True
ORD-10043,Chavvi Sarkar,varghesedamyanti@example.com,,2004-02-03,20,18-24,Male,2023-09-12,2023,9,3,Whiteboard Seamless Relationships,Home & Kitchen,4723.24,8.0,0.01,37408.06,UPI,Returned,True,New Delhi,Nagaland,240518,True
ORD-10044,Radhika Nagar,ogera@example.net,5543831939.0,1975-02-02,49,45-54,Male,2023-01-13,2023,1,1,Orchestrate Front-End Synergies,Home & Kitchen,2906.25,3.0,0.28,6277.5,UPI,Delivered,True,Bhiwandi,Madhya Pradesh,584938,True
ORD-10045,Baljiwan Talwar,pchada@example.net,914418675723.0,1967-04-15,57,55+,Male,2024-05-02,2024,5,2,Enable Real-Time Metrics,Sports,2172.71,1.0,0.37,1368.81,Debit Card,Unknown,False,Tirupati,Chhattisgarh,364163,True
ORD-10046,Baljiwan Brar,zinaldua@example.com,915298427387.0,1975-09-20,49,45-54,Female,2022-06-16,2022,6,2,Innovate 24/7 Experiences,Home & Kitchen,2376.07,5.0,0.35,7722.23,Cash on Delivery,Delivered,True,Rohtak,Sikkim,800202,True
ORD-10047,Jyoti Chandran,damyanti97@example.org,8539839495.0,1977-08-16,47,45-54,Male,2023-02-10,2023,2,1,Extend Open-Source E-Markets,Books,345.21,10.0,0.26,2554.55,Cash on Delivery,Unknown,False,Bhusawal,Goa,299839,True
ORD-10048,Triya Gulati,sunderadvaith@example.org,919237292171.0,1981-10-06,43,35-44,Male,2023-09-15,2023,9,3,Unleash End-To-End Initiatives,Books,2188.54,5.0,0.26,8097.6,Debit Card,Unknown,True,Sagar,Himachal Pradesh,541029,True
ORD-10049,Reyansh Handa,eesha36@example.com,1309425499.0,1990-07-26,34,25-34,Female,2022-02-12,2022,2,1,Deliver 24/365 Interfaces,Books,1426.88,7.0,0.25,7491.12,Credit Card,Returned,True,Motihari,Kerala,374914,True
ORD-10050,Upma Virk,nathantella@example.net,3648350016.0,1973-03-11,51,45-54,Male,2023-10-20,2023,10,4,Expedite Vertical Methodologies,Books,4077.15,8.0,0.26,24136.73,UPI,Pending,False,Ajmer,Andhra Pradesh,103958,True
ORD-10051,Faras Chokshi,ekarpe@example.com,4328559766.0,2008-03-10,16,18-24,Male,2024-04-07,2024,4,2,Drive Web-Enabled Experiences,Home & Kitchen,3794.39,1.0,0.27,2769.9,UPI,Returned,False,Mirzapur,Kerala,842727,True
ORD-10052,Jeet Keer,balaelijah@example.net,4208279183.0,2007-05-29,17,18-24,Male,2022-09-06,2022,9,3,Productize Distributed Functionalities,Clothing,2783.64,2.0,0.06,5233.24,Credit Card,Returned,True,Adoni,Andhra Pradesh,150821,True
ORD-10053,Brinda Malhotra,suhani14@example.com,917469733780.0,1988-01-03,37,35-44,Female,2024-11-08,2024,11,4,Revolutionize Wireless Methodologies,Home & Kitchen,993.52,3.0,0.14,2563.28,Net Banking,Pending,True,Rajkot,Kerala,750315,True
ORD-10054,Aradhana Bera,karividhi@example.org,7531341952.0,1995-07-20,29,25-34,Other,2023-07-02,2023,7,3,Enable Best-Of-Breed Info-Mediaries,Home & Kitchen,2260.41,6.0,0.27,9900.6,Cash on Delivery,Pending,False,Nagpur,Sikkim,879172,True
ORD-10055,Rajata Gupta,imaran84@example.org,,1982-07-01,42,35-44,Other,2023-05-05,2023,5,2,Harness Cross-Media Content,Home & Kitchen,4066.47,3.0,0.02,11955.42,Cash on Delivery,Cancelled,True,Ramagundam,Mizoram,272518,True
ORD-10056,Shivani Kohli,saniharinakshi@example.com,3170397280.0,1984-07-18,40,35-44,Female,2024-06-20,2024,6,2,Harness Impactful Paradigms,Sports,814.09,5.0,0.35,2645.79,Credit Card,Pending,False,Hazaribagh,Manipur,711112,True
ORD-10057,Tarak Sinha,qasimsur@example.org,4654636594.0,2000-01-24,24,18-24,Female,2024-12-28,2024,12,4,Orchestrate Mission-Critical Markets,Sports,3106.42,5.0,0.37,9785.22,Net Banking,Delivered,False,Vijayawada,Manipur,161527,True
ORD-10058,Kevin Kibe,joshijyoti@example.net,,1994-07-09,30,25-34,Female,2022-07-25,2022,7,3,Deliver Best-Of-Breed Users,Sports,1824.39,4.0,0.28,5254.24,Credit Card,Shipped,True,Salem,Sikkim,210424,True
ORD-10059,Mugdha Basu,warhi59@example.net,6855728492.0,2005-08-17,19,18-24,Other,2024-02-23,2024,2,1,Mesh B2C Relationships,Clothing,3350.86,8.0,0.34,17692.54,Credit Card,Delivered,True,Gandhinagar,Sikkim,400319,True
ORD-10060,Jai Toor,tanishseth@example.net,7131145303.0,2005-09-21,19,18-24,Female,2023-09-05,2023,9,3,Engineer Holistic Niches,Sports,1224.17,10.0,0.35,7957.1,Credit Card,Unknown,True,Jodhpur,West Bengal,423999,True
ORD-10061,Pahal Mane,zgoswami@example.net,915291950417.0,1998-02-16,26,25-34,Male,2022-04-11,2022,4,2,Implement Back-End Networks,Books,1134.07,5.0,0.36,3629.02,Credit Card,Unknown,False,Shimla,Haryana,482602,True
ORD-10062,Irya Kakar,,6783711449.0,1965-06-15,59,55+,Male,2022-03-22,2022,3,1,Aggregate End-To-End Infrastructures,Electronics,1667.26,4.0,0.27,4868.4,UPI,Cancelled,True,Dhanbad,Maharashtra,899764,True
ORD-10063,Gauri Sidhu,warhi35@example.org,2399544350.0,1994-03-06,30,25-34,Male,2022-12-03,2022,12,4,Implement Rich Interfaces,Books,4030.95,2.0,0.48,4192.19,Net Banking,Cancelled,False,Karaikudi,Bihar,214800,True
ORD-10064,Wridesh Hans,yauvanidyal@example.org,916243118498.0,1966-01-31,58,55+,Other,2024-03-19,2024,3,1,Monetize B2C E-Services,Books,1936.08,6.0,0.12,10222.5,Credit Card,Cancelled,True,Lucknow,Nagaland,935682,True
ORD-10065,Anamika Bahri,meghana50@example.net,1503529949.0,1997-11-28,27,25-34,Other,2023-11-03,2023,11,4,Target Magnetic Portals,Clothing,627.55,1.0,0.26,464.39,Credit Card,Unknown,False,Mehsana,Tamil Nadu,22292,True
ORD-10066,Ekanta Thakkar,aashishah@example.net,5933001587.0,1997-09-05,27,25-34,Female,2024-03-06,2024,3,1,Monetize Value-Added Technologies,Books,3646.67,2.0,0.26,5397.07,Cash on Delivery,Unknown,False,Bhavnagar,Maharashtra,57038,True
ORD-10067,Charvi Tak,pushti27@example.org,7231386587.0,2004-12-04,20,18-24,Other,2024-06-27,2024,6,2,Re-Contextualize Out-Of-The-Box E-Markets,Books,4890.32,7.0,0.26,25331.86,Cash on Delivery,Unknown,False,Amaravati,Karnataka,886469,True
ORD-10068,Chaitanya Hari,vkohli@example.org,5943269434.0,1969-06-02,55,55+,Female,2022-02-13,2022,2,1,Unleash Virtual Partnerships,Clothing,3837.53,4.0,0.12,13508.11,Credit Card,Cancelled,False,,Arunachal Pradesh,570054,True
ORD-10069,Ganga Mutti,dbhatnagar@example.net,2352353764.0,1990-07-30,34,25-34,Male,2022-10-24,2022,10,4,Drive Ubiquitous Convergence,Electronics,3960.42,6.0,0.26,17584.26,UPI,Delivered,False,Srikakulam,Kerala,924208,True
ORD-10070,Azad Sandal,kantzaid@example.com,7966641900.0,1992-07-03,32,25-34,Female,2024-12-13,2024,12,4,Benchmark Revolutionary Solutions,Books,2544.0,1.0,0.45,1399.2,Cash on Delivery,Pending,True,Satna,Nagaland,773067,True
ORD-10071,Upkaar Aurora,vkrishnamurthy@example.net,1779717687.0,1997-12-07,27,25-34,Other,2022-05-05,2022,5,2,Deliver Best-Of-Breed Applications,Home & Kitchen,449.91,2.0,0.31,620.88,Cash on Delivery,Cancelled,False,Kakinada,Goa,561522,True
ORD-10072,Amrita Konda,aryan30@example.net,915729289816.0,1993-05-03,31,25-34,Other,2024-12-22,2024,12,4,Reinvent Proactive E-Commerce,Electronics,3272.04,4.0,0.44,7329.37,Net Banking,Pending,False,Rourkela,Kerala,978676,True
ORD-10073,Chatura Swaminathan,saumya65@example.com,2205609030.0,2007-06-20,17,18-24,Male,2024-05-01,2024,5,2,Synergize Cross-Media E-Markets,Books,382.31,2.0,0.37,481.71,UPI,Shipped,True,Guntur,Tripura,469278,True
ORD-10074,Siya Chandran,mayakibe@example.com,5454071266.0,2008-04-08,16,18-24,Female,2023-11-07,2023,11,4,Transform Killer Initiatives,Sports,304.66,5.0,0.29,1081.54,Debit Card,Shipped,False,Bidhannagar,Chhattisgarh,435694,True
ORD-10075,Ekapad Sampath,dev33@example.com,8312487400.0,1972-09-28,52,45-54,Female,2022-08-10,2022,8,3,Disintermediate Best-Of-Breed Channels,Clothing,4233.52,10.0,0.32,28787.94,Credit Card,Cancelled,False,Rajkot,Andhra Pradesh,853757,True
ORD-10076,Wridesh Ratti,ipandey@example.com,170506126.0,1992-05-04,32,25-34,Female,2023-07-02,2023,7,3,Grow Plug-And-Play E-Services,Clothing,1.0,7.0,0.26,5.18,Credit Card,Delivered,False,Chennai,Mizoram,45790,True
ORD-10077,Dominic Khosla,lucky18@example.net,916704929064.0,1960-06-02,64,55+,Female,2024-02-10,2024,2,1,Revolutionize Holistic Interfaces,Sports,3001.31,3.0,0.31,6212.71,Credit Card,Pending,False,Bhiwandi,Maharashtra,56102,True
ORD-10078,Anita Gokhale,jacob24@example.org,7678393529.0,2005-04-10,19,18-24,Female,2024-09-21,2024,9,3,E-Enable Holistic Roi,Home & Kitchen,3407.18,9.0,0.02,30051.33,Net Banking,Cancelled,False,Aurangabad,Jharkhand,620235,True
ORD-10079,Chanchal Goel,amaraedwin@example.net,912296753772.0,2005-10-24,19,18-24,Male,2023-09-10,2023,9,3,Leverage Bleeding-Edge Platforms,Electronics,2181.74,9.0,0.25,14726.74,UPI,Delivered,False,Junagadh,West Bengal,121423,True
ORD-10080,,srinivasankamya@example.net,9891687964.0,2003-09-04,21,18-24,Female,2022-03-28,2022,3,1,Visualize Holistic Vortals,Home & Kitchen,3562.02,2.0,0.48,3704.5,Credit Card,Cancelled,False,Meerut,Manipur,416538,True
ORD-10081,Geetika Nigam,lekhavarma@example.com,912877036475.0,1999-08-13,25,25-34,Female,2024-01-12,2024,1,1,Aggregate Out-Of-The-Box Models,Home & Kitchen,4359.1,4.0,0.08,16041.49,Cash on Delivery,Unknown,True,Proddatur,West Bengal,520376,True
ORD-10082,Thomas Devan,kaurshivani@example.com,7797679720.0,2001-06-15,23,18-24,Male,2023-02-02,2023,2,1,Maximize B2B Partnerships,Clothing,1317.04,3.0,0.33,2647.25,Credit Card,Unknown,False,Vijayanagaram,Tripura,612390,True
ORD-10083,Chavvi Sheth,urvi67@example.net,6121434692.0,1971-04-12,53,45-54,Male,2024-07-08,2024,7,3,Harness Ubiquitous Web Services,Home & Kitchen,1548.96,1.0,0.04,1487.0,Cash on Delivery,Returned,True,,Bihar,836379,True
ORD-10084,Maanav Oza,zkarpe@example.net,912850498391.0,1970-02-26,54,45-54,Female,2023-08-11,2023,8,3,Envisioneer B2B Initiatives,Home & Kitchen,2922.63,1.0,0.4,1753.58,Debit Card,Pending,True,Surendranagar Dudhrej,Andhra Pradesh,142485,True
ORD-10085,Tripti Goyal,adviknarula@example.org,2377471722.0,1967-07-01,57,55+,Other,2022-11-05,2022,11,4,Re-Intermediate Dynamic Relationships,Electronics,904.17,8.0,0.26,5352.69,Cash on Delivery,Shipped,True,Bharatpur,Goa,216760,True
ORD-10086,Yatan Gaba,otailor@example.net,,1980-04-28,44,35-44,Other,2024-03-04,2024,3,1,Architect Turn-Key Architectures,Books,1681.97,7.0,0.36,7535.23,Cash on Delivery,Shipped,True,Kanpur,Himachal Pradesh,347423,True
ORD-10087,Nitesh Kaul,semjeevika@example.net,6358330660.0,1970-04-20,54,45-54,Male,2022-10-17,2022,10,4,Empower Proactive Channels,Books,469.36,6.0,0.34,1858.67,Cash on Delivery,Delivered,False,Mango,Odisha,106681,True
ORD-10088,,pavani61@example.net,6951958708.0,1991-02-10,33,25-34,Female,2024-11-07,2024,11,4,Expedite Transparent Interfaces,Sports,1171.39,2.0,0.39,1429.1,Cash on Delivery,Cancelled,True,Jalandhar,Sikkim,93424,True
ORD-10089,Samesh Sundaram,anayak@example.net,3522427337.0,1996-03-30,28,25-34,Male,2022-03-19,2022,3,1,Productize Sticky Infrastructures,Electronics,3479.59,3.0,0.02,10229.99,UPI,Unknown,False,Patna,Manipur,344921,True
ORD-10090,Jonathan Dara,isaacchacko@example.net,8630425189.0,1979-09-11,45,45-54,Unspecified,2023-08-07,2023,8,3,Disintermediate Holistic Interfaces,Books,1010.38,10.0,0.26,7476.81,Cash on Delivery,Unknown,False,Patna,Odisha,264254,True
ORD-10091,Omaja Savant,bhattiamruta@example.org,3138864763.0,1980-08-19,44,35-44,Other,2022-11-28,2022,11,4,Visualize Strategic Web Services,Home & Kitchen,2794.98,9.0,0.14,21633.15,Credit Card,Pending,True,Mysore,Tamil Nadu,737724,True
ORD-10092,Nitesh Dhaliwal,contractoryamini@example.com,4782742172.0,1986-09-01,38,35-44,Female,2022-10-29,2022,10,4,Generate Rich Interfaces,Electronics,2012.45,7.0,0.19,11410.59,Credit Card,Pending,False,Tenali,Bihar,845272,True
ORD-10093,Daksha Patel,kchander@example.net,2271040697.0,1983-08-12,41,35-44,Other,2023-11-18,2023,11,4,Transform World-Class Web Services,Sports,3542.4,1.0,0.01,3506.98,Debit Card,Shipped,False,Unnao,West Bengal,734134,True
ORD-10094,Riya Balasubramanian,xaviermurty@example.com,8270321894.0,2003-03-02,21,18-24,Male,2024-12-16,2024,12,4,Disintermediate Bleeding-Edge Vortals,Clothing,3979.8,2.0,0.25,5969.7,Cash on Delivery,Delivered,True,Sangli-Miraj & Kupwad,Tripura,649772,True
ORD-10095,Niharika Sodhi,,919176543796.0,1974-06-06,50,45-54,Female,2023-05-11,2023,5,2,Visualize Virtual Relationships,Home & Kitchen,3357.66,6.0,0.26,14908.01,Cash on Delivery,Cancelled,True,Loni,Odisha,481339,True
ORD-10096,Triveni Kulkarni,,913115130806.0,2000-03-30,24,18-24,Female,2022-02-11,2022,2,1,Transition Integrated Markets,Clothing,1817.61,4.0,0.31,5016.6,Cash on Delivery,Unknown,False,Meerut,Manipur,801343,True
ORD-10097,Ekavir Solanki,panchalpanini@example.org,3446746648.0,1993-12-12,31,25-34,Unspecified,2022-04-01,2022,4,2,Synergize Dynamic Supply-Chains,Books,3492.18,3.0,0.26,7752.64,Cash on Delivery,Delivered,True,Bihar Sharif,Mizoram,287422,True
ORD-10098,Aarnav Hari,darshkrishnamurthy@example.org,917944767432.0,2002-01-14,22,18-24,Female,2023-02-13,2023,2,1,Innovate Scalable Interfaces,Home & Kitchen,3778.79,6.0,0.02,22219.29,UPI,Pending,True,Coimbatore,Maharashtra,350315,True
ORD-10099,Oliver Chada,chawlalila@example.com,7939565776.0,1979-07-18,45,45-54,Male,2024-06-13,2024,6,2,Implement B2B Metrics,Home & Kitchen,1868.37,5.0,0.36,5978.78,Credit Card,Returned,False,Burhanpur,Punjab,661846,True
ORD-10100,Chakradev Pandit,charpranav@example.net,913192894028.0,1990-12-16,34,25-34,Male,2023-01-05,2023,1,1,Aggregate End-To-End Experiences,Home & Kitchen,2159.27,6.0,0.36,8291.6,UPI,Cancelled,True,Chandigarh,Gujarat,346099,True
ORD-10101,Aradhana Narula,baradparth@example.com,6959522346.0,1981-04-14,43,35-44,Other,2022-04-28,2022,4,2,Redefine Synergistic Users,Books,204.15,8.0,0.26,1208.57,Credit Card,Shipped,True,Salem,Himachal Pradesh,333485,True
ORD-10102,Azad Bhasin,,8484083284.0,1995-10-10,29,25-34,Female,2024-01-12,2024,1,1,Extend One-To-One Info-Mediaries,Clothing,3827.27,9.0,0.26,25489.62,UPI,Shipped,True,Karaikudi,Punjab,275340,True
ORD-10103,Indali Mital,evirk@example.org,767822487.0,1984-06-07,40,35-44,Unspecified,2023-01-17,2023,1,1,Productize One-To-One Vortals,Clothing,1112.12,8.0,0.07,8274.17,Credit Card,Returned,False,Gaya,Sikkim,773580,True
ORD-10104,Frado Viswanathan,qbumb@example.com,9099169621.0,2004-04-16,20,18-24,Other,2024-06-30,2024,6,2,Extend B2B Technologies,Clothing,2772.49,5.0,0.36,8871.97,Credit Card,Pending,True,Pimpri-Chinchwad,Meghalaya,667442,True
ORD-10105,Simon Sachdev,yochana31@example.com,4211361505.0,1986-05-17,38,35-44,Female,2023-02-16,2023,2,1,Transition Frictionless Metrics,Clothing,4915.91,2.0,0.26,7275.55,Net Banking,Unknown,True,Ambala,Uttarakhand,409961,True
ORD-10106,Vasudha Bhandari,chanakyadutta@example.org,916314563467.0,2000-05-02,24,18-24,Other,2024-04-21,2024,4,2,Whiteboard Open-Source Deliverables,Electronics,3416.54,9.0,0.09,27981.46,Credit Card,Returned,False,Gopalpur,Assam,625584,True
ORD-10107,Waida Tripathi,kakarnaveen@example.org,3243771264.0,2001-09-03,23,18-24,Other,2022-04-24,2022,4,2,Drive Customized Communities,Clothing,4707.48,2.0,0.32,6402.17,Cash on Delivery,Pending,True,Arrah,Uttar Pradesh,61081,True
ORD-10108,Jasmit Chad,katalogan@example.org,6076653567.0,1975-04-18,49,45-54,Male,2024-12-28,2024,12,4,Matrix Sticky Partnerships,Electronics,3617.13,10.0,0.26,26766.76,Credit Card,Delivered,False,Noida,Chhattisgarh,985467,True
ORD-10109,Girik Shenoy,masterleena@example.com,2581035348.0,1976-06-08,48,45-54,Female,2023-06-27,2023,6,2,Envisioneer Holistic Roi,Books,3227.44,4.0,0.34,8520.44,UPI,Returned,True,Uluberia,Assam,393645,True
ORD-10110,Isaac Dani,maya86@example.org,912234438757.0,2000-03-22,24,18-24,Male,2022-11-20,2022,11,4,Transform Value-Added Interfaces,Clothing,1630.62,6.0,0.07,9098.86,UPI,Cancelled,True,Visakhapatnam,Sikkim,426093,True
ORD-10111,Diya Chakrabarti,wishi24@example.net,4661668814.0,1975-10-01,49,45-54,Male,2023-05-11,2023,5,2,Brand End-To-End E-Tailers,Clothing,4327.61,3.0,0.47,6880.9,UPI,Shipped,False,Tirupati,West Bengal,35783,True
ORD-10112,Wridesh Deol,charleskala@example.org,,1974-04-18,50,45-54,Female,2024-11-20,2024,11,4,Iterate Rich Roi,Home & Kitchen,1241.61,1.0,0.26,918.79,Cash on Delivery,Cancelled,False,Pune,Nagaland,309897,True
ORD-10113,Tejas Jha,hsoni@example.org,9995384336.0,1961-01-01,64,55+,Male,2024-08-21,2024,8,3,Empower Value-Added E-Commerce,Books,2046.11,1.0,0.1,1841.5,Cash on Delivery,Pending,True,Tenali,Tamil Nadu,364308,True
ORD-10114,Dayita Varughese,okumer@example.net,5330290556.0,1971-09-25,53,45-54,Male,2024-07-11,2024,7,3,Generate B2B Vortals,Electronics,3984.74,6.0,0.1,21517.6,Cash on Delivery,Returned,True,Yamunanagar,Tripura,243528,True
ORD-10115,Vamakshi Ravel,laban11@example.org,8781127848.0,2006-02-11,18,18-24,Male,2022-03-21,2022,3,1,Matrix Customized E-Markets,Books,741.92,6.0,0.5,2225.76,UPI,Cancelled,False,Kakinada,Jharkhand,368273,True
ORD-10116,Abha Chaudry,luckykala@example.net,919469623694.0,2005-10-05,19,18-24,Female,2024-11-09,2024,11,4,Innovate Efficient Synergies,Clothing,4900.5,1.0,0.13,4263.44,Cash on Delivery,Cancelled,True,Hazaribagh,Haryana,927570,True
ORD-10117,Bhavika Das,varshajain@example.net,8565876747.0,1969-03-14,55,55+,Female,2024-09-10,2024,9,3,Generate Integrated E-Markets,Electronics,1248.87,2.0,0.22,1948.24,Net Banking,Shipped,False,Ahmedabad,Punjab,489959,True
ORD-10118,Robert Wason,sachisarraf@example.com,,2005-10-03,19,18-24,Male,2024-04-20,2024,4,2,Expedite Synergistic Info-Mediaries,Home & Kitchen,1659.0,9.0,0.48,7764.12,Cash on Delivery,Cancelled,True,Mango,Kerala,8481,True
ORD-10119,Vedant Dubey,chegde@example.net,9053298561.0,2006-11-24,18,18-24,Male,2023-06-26,2023,6,2,Target Rich Platforms,Books,3539.26,8.0,0.26,20952.42,Cash on Delivery,Unknown,False,Bongaigaon,Manipur,879703,True
ORD-10120,Divya Srinivasan,ronith76@example.com,5869936599.0,1983-01-14,41,35-44,Male,2024-02-17,2024,2,1,Engage Frictionless Networks,Electronics,3585.0,8.0,0.37,18068.4,Debit Card,Shipped,True,Imphal,Madhya Pradesh,56280,True
ORD-10121,Jagat Dewan,yochana32@example.org,914729496092.0,1974-12-05,50,45-54,Male,2023-07-11,2023,7,3,Deliver B2C E-Commerce,Books,1167.07,2.0,0.36,1493.85,Credit Card,Unknown,True,Tadepalligudem,West Bengal,679619,True
ORD-10122,Farhan Dora,ayush40@example.net,2770462563.0,1963-09-17,61,55+,Other,2022-11-20,2022,11,4,Synergize Integrated Technologies,Clothing,1471.86,1.0,0.04,1412.99,Cash on Delivery,Shipped,False,Eluru,Kerala,30856,True
ORD-10123,Andrew Dutta,vlal@example.net,2671116378.0,2005-01-26,19,18-24,Male,2022-03-18,2022,3,1,Optimize Sticky Relationships,Sports,2502.15,5.0,0.0,12510.75,Cash on Delivery,Cancelled,True,Bidhannagar,Karnataka,124077,True
ORD-10124,Hemani Sachdev,oshashah@example.org,1988468958.0,1969-01-01,56,55+,Male,2023-08-06,2023,8,3,Innovate Intuitive Mindshare,Sports,1400.54,6.0,0.23,6470.49,UPI,Unknown,False,Unnao,Gujarat,341283,True
ORD-10125,Yoshita Pal,gaurika38@example.org,707820213.0,1993-03-21,31,25-34,Other,2023-11-22,2023,11,4,Facilitate Dot-Com Web-Readiness,Home & Kitchen,2600.64,2.0,0.07,4837.19,UPI,Shipped,False,,Meghalaya,759277,True
ORD-10126,Samaksh Kata,tanvikata@example.org,1719962105.0,1961-10-07,63,55+,Other,2023-04-28,2023,4,2,Expedite Value-Added Deliverables,Books,3285.73,1.0,0.23,2530.01,Credit Card,Returned,False,Srikakulam,Chhattisgarh,494821,True
ORD-10127,Onkar Sawhney,amol09@example.org,115635915.0,1975-05-17,49,45-54,Male,2023-09-29,2023,9,3,Morph Intuitive Content,Clothing,2417.0,10.0,0.35,15710.5,Cash on Delivery,Cancelled,False,Bally,Maharashtra,188165,True
ORD-10128,David Pillay,shukladavid@example.com,3495873562.0,1990-05-28,34,25-34,Female,2023-03-24,2023,3,1,Integrate Clicks-And-Mortar Functionalities,Home & Kitchen,1840.84,2.0,0.26,2724.44,Cash on Delivery,Cancelled,True,Gangtok,Jharkhand,408582,True
ORD-10129,Orinder Manda,bandiwazir@example.com,5908728598.0,1978-05-11,46,45-54,Male,2022-11-03,2022,11,4,Transition Front-End E-Business,Books,500.16,1.0,0.26,370.12,Cash on Delivery,Cancelled,False,Mangalore,Punjab,762549,True
ORD-10130,Hritik Brahmbhatt,harshilsharma@example.net,9731946006.0,1997-10-21,27,25-34,Female,2023-09-24,2023,9,3,Syndicate Clicks-And-Mortar Applications,Electronics,1755.42,1.0,0.03,1702.76,Cash on Delivery,Delivered,False,Saharsa,Tamil Nadu,986261,True
ORD-10131,Thomas Shan,balaanusha@example.com,918571121412.0,1987-07-12,37,35-44,Female,2022-10-05,2022,10,4,Drive Strategic Mindshare,Home & Kitchen,4822.51,3.0,0.17,12008.05,Credit Card,Cancelled,False,Orai,Uttarakhand,603051,True
ORD-10132,Sudiksha Ramakrishnan,zayyansanghvi@example.org,2052168281.0,1985-02-16,39,35-44,Other,2023-04-02,2023,4,2,Synthesize Open-Source Technologies,Home & Kitchen,1927.42,8.0,0.14,13260.65,Credit Card,Delivered,False,Bhilai,West Bengal,988909,True
ORD-10133,Wazir Pandey,nagykaran@example.net,,2000-04-13,24,18-24,Female,2022-02-02,2022,2,1,Enhance Transparent Niches,Books,290.95,7.0,0.27,1486.75,Credit Card,Shipped,True,Bhubaneswar,Madhya Pradesh,973272,True
ORD-10134,Nicholas Balasubramanian,widisha78@example.com,7163314596.0,1983-09-05,41,35-44,Male,2023-04-25,2023,4,2,Grow End-To-End Communities,Clothing,4929.19,7.0,0.03,33469.2,Cash on Delivery,Unknown,False,Aligarh,Jharkhand,507862,True
ORD-10135,Chasmum Rao,nisha07@example.org,916447343664.0,1968-04-10,56,55+,Female,2024-05-24,2024,5,2,Morph Front-End Schemas,Sports,3496.73,5.0,0.38,10839.86,Cash on Delivery,Shipped,True,Agartala,Karnataka,4529,True
ORD-10136,Gaurang De,girish09@example.net,6796218592.0,1996-11-08,28,25-34,Female,2022-10-23,2022,10,4,Revolutionize Cross-Media Relationships,Home & Kitchen,1252.15,2.0,0.42,1452.49,Credit Card,Cancelled,False,Hyderabad,West Bengal,660069,True
ORD-10137,Gauri Oommen,jgopal@example.com,,1978-02-14,46,45-54,Male,2022-04-16,2022,4,2,Embrace Value-Added E-Business,Clothing,2958.54,4.0,0.43,6745.47,UPI,Pending,True,Bellary,Telangana,403114,True
ORD-10138,Eta Mani,kantosha@example.com,919618074001.0,1990-10-16,34,25-34,Female,2023-03-10,2023,3,1,Aggregate Frictionless E-Markets,Clothing,3533.65,4.0,0.39,8622.11,Net Banking,Returned,True,Nashik,Arunachal Pradesh,150707,True
ORD-10139,Vidhi D’Alia,logansankar@example.org,916674274566.0,1971-05-19,53,45-54,Unspecified,2023-09-24,2023,9,3,Scale Dynamic Functionalities,Books,4206.67,6.0,0.02,24735.22,Debit Card,Unknown,True,Korba,Jharkhand,924347,True
ORD-10140,Ira Narain,obasu@example.org,8433081029.0,1996-06-19,28,25-34,Male,2024-05-05,2024,5,2,Streamline Cross-Platform Content,Home & Kitchen,4720.15,8.0,0.32,25677.62,Cash on Delivery,Returned,False,Berhampur,Sikkim,639921,True
ORD-10141,Jeet Chawla,rlalla@example.org,2719415058.0,1985-06-25,39,35-44,Female,2023-12-23,2023,12,4,Reinvent Dot-Com Schemas,Books,2643.52,2.0,0.33,3542.32,Credit Card,Returned,False,Bongaigaon,Chhattisgarh,367698,True
ORD-10142,Ucchal Oza,,2994823321.0,1976-03-08,48,45-54,Female,2023-04-19,2023,4,2,Innovate Revolutionary Technologies,Electronics,3350.44,8.0,0.26,19834.6,Cash on Delivery,Unknown,True,Vadodara,Jharkhand,299483,True
ORD-10143,Charvi Luthra,onveerkala@example.com,9238062125.0,1994-08-27,30,25-34,Other,2024-12-20,2024,12,4,Productize Rich Metrics,Books,4701.57,2.0,0.12,8274.76,Cash on Delivery,Cancelled,True,Rampur,Jharkhand,917038,True
ORD-10144,Janya Kapur,dayitababu@example.net,5907367952.0,1989-03-24,35,35-44,Male,2023-07-02,2023,7,3,Re-Contextualize Real-Time Initiatives,Books,3436.01,1.0,0.26,2542.65,Net Banking,Returned,True,Thane,Uttar Pradesh,970804,True
ORD-10145,Wishi Sachar,sarmatamanna@example.com,8645450306.0,1962-11-19,62,55+,Female,2022-01-20,2022,1,1,Synthesize Cross-Media Applications,Books,4870.51,1.0,0.45,2678.78,Cash on Delivery,Returned,True,Kamarhati,Telangana,224675,True
ORD-10146,Ekavir Menon,ombalveer@example.org,,1978-06-06,46,45-54,Male,2023-07-29,2023,7,3,Generate Bricks-And-Clicks Communities,Books,4112.42,2.0,0.26,6086.38,Cash on Delivery,Unknown,True,Bhilwara,Chhattisgarh,771092,True
ORD-10147,Abhimanyu Gola,harish72@example.net,918602764301.0,1976-07-11,48,45-54,Other,2023-11-11,2023,11,4,Incubate Next-Generation Mindshare,Electronics,4872.9,7.0,0.04,32745.89,Cash on Delivery,Cancelled,False,Srinagar,Chhattisgarh,369227,True
ORD-10148,Zilmil Ganesh,warriornathaniel@example.org,2496078742.0,2004-09-05,20,18-24,Male,2023-10-31,2023,10,4,Revolutionize Cutting-Edge Partnerships,Clothing,1908.36,10.0,0.04,18320.26,Cash on Delivery,Pending,False,Anantapuram,Sikkim,336968,True
ORD-10149,Neha Keer,pgrover@example.net,918278931114.0,1985-01-15,39,35-44,Male,2022-05-31,2022,5,2,Leverage Holistic Functionalities,Books,1835.47,5.0,0.38,5689.96,Credit Card,Shipped,False,Sri Ganganagar,Jharkhand,653306,True
ORD-10150,Janaki Bhatt,xthaker@example.com,2827482789.0,1995-12-17,29,25-34,Female,2024-07-08,2024,7,3,Leverage Rich Markets,Books,4325.4,7.0,0.04,29066.69,Cash on Delivery,Shipped,False,Akola,Haryana,856000,True
ORD-10151,Geetika Mukhopadhyay,mmadan@example.com,917280293845.0,1973-06-28,51,45-54,Male,2024-02-19,2024,2,1,Architect E-Business Functionalities,Electronics,2134.46,2.0,0.47,2262.53,Cash on Delivery,Cancelled,False,Shimoga,Goa,45059,True
ORD-10152,Eta Batta,bsant@example.net,4895705340.0,1994-03-07,30,25-34,Female,2022-08-08,2022,8,3,Envisioneer Turn-Key Interfaces,Home & Kitchen,1681.23,10.0,0.16,14122.33,Debit Card,Returned,False,Anantapuram,Goa,372971,True
ORD-10153,Yachana Khosla,tanishnarula@example.org,7658731790.0,1980-09-22,44,35-44,Unspecified,2023-10-16,2023,10,4,Implement Back-End Solutions,Clothing,1437.49,6.0,0.28,6209.96,Cash on Delivery,Cancelled,False,Ulhasnagar,Punjab,712361,True
ORD-10154,Zinal Choudhary,sneha02@example.net,223446845.0,1997-02-11,27,25-34,Other,2022-02-25,2022,2,1,Aggregate Bricks-And-Clicks Networks,Electronics,3988.5,8.0,0.15,27121.8,UPI,Unknown,False,Navi Mumbai,Bihar,107580,True
ORD-10155,Vritti Bhatnagar,duagunbir@example.com,3977627339.0,1970-04-28,54,45-54,Female,2024-02-12,2024,2,1,Implement Collaborative Partnerships,Home & Kitchen,4354.69,1.0,0.18,3570.85,Cash on Delivery,Cancelled,True,Guntakal,Karnataka,58488,True
ORD-10156,Varsha Kala,omya43@example.net,9263633329.0,1971-02-09,53,45-54,Male,2022-08-12,2022,8,3,Exploit Proactive E-Services,Books,3403.49,6.0,0.22,15928.33,Credit Card,Delivered,True,Katihar,Karnataka,558421,True
ORD-10157,Naksh Iyer,eshanadhillon@example.org,4697073296.0,2006-05-23,18,18-24,Female,2024-11-28,2024,11,4,Drive Best-Of-Breed Metrics,Books,1757.59,2.0,0.46,1898.2,Credit Card,Delivered,False,Mirzapur,Goa,448804,True
ORD-10158,Neha Bhagat,chokshicharvi@example.com,919181642585.0,1982-11-04,42,35-44,Female,2022-10-18,2022,10,4,Redefine Next-Generation Infrastructures,Clothing,2218.92,6.0,0.26,9852.0,Credit Card,Unknown,False,Guna,Karnataka,152508,True
ORD-10159,Zashil Patla,amolagrawal@example.org,7970803788.0,1981-03-23,43,35-44,Male,2023-12-04,2023,12,4,Implement Out-Of-The-Box Applications,Home & Kitchen,842.67,8.0,0.2,5393.09,Credit Card,Shipped,False,Avadi,Jharkhand,515947,True
ORD-10160,Rachana Palla,gbakshi@example.net,914907705977.0,1988-10-17,36,35-44,Female,2024-03-21,2024,3,1,Re-Intermediate Turn-Key Bandwidth,Home & Kitchen,1.0,2.0,0.4,1.2,Cash on Delivery,Shipped,False,Surat,Sikkim,894867,True
ORD-10161,Ishanvi Ravel,varenyachander@example.org,547823183.0,2002-01-13,22,18-24,Other,2024-07-26,2024,7,3,Streamline Magnetic Solutions,Clothing,3075.98,6.0,0.23,14211.03,Credit Card,Unknown,True,Ghaziabad,Assam,777078,True
ORD-10162,Chatresh Majumdar,vedantagarwal@example.org,1557448119.0,1965-09-06,59,55+,Female,2022-06-23,2022,6,2,Transition Ubiquitous E-Services,Books,1972.89,10.0,0.09,17953.3,Cash on Delivery,Unknown,False,Nanded,Bihar,12430,True
ORD-10163,Yachana Acharya,kbatta@example.com,910744486216.0,1993-08-21,31,25-34,Female,2022-12-08,2022,12,4,Monetize Dynamic Interfaces,Electronics,4761.62,4.0,0.48,9904.17,Cash on Delivery,Unknown,False,Agra,Arunachal Pradesh,236983,True
ORD-10164,Finn Merchant,bhargavamax@example.com,2287694960.0,1990-06-16,34,25-34,Female,2024-10-04,2024,10,4,Morph B2C E-Markets,Electronics,1141.62,4.0,0.08,4201.16,Cash on Delivery,Cancelled,False,Satara,Goa,272186,True
ORD-10165,Zarna Mammen,manbirchoudhary@example.org,911849317658.0,1999-05-08,25,25-34,Female,2024-10-11,2024,10,4,Optimize Impactful Content,Home & Kitchen,255.97,9.0,0.21,1819.95,Debit Card,Pending,True,Sri Ganganagar,Goa,119296,True
ORD-10166,Pratyush Mandal,useth@example.org,916977350104.0,1972-05-09,52,45-54,Male,2024-07-10,2024,7,3,Synergize World-Class Bandwidth,Sports,1088.9,6.0,0.31,4508.05,Net Banking,Shipped,False,Jorhat,Arunachal Pradesh,504804,True
ORD-10167,Xiti Mandal,vnagarajan@example.com,2835323793.0,1981-04-12,43,35-44,Female,2023-02-28,2023,2,1,Exploit Impactful Communities,Home & Kitchen,4896.05,10.0,0.43,27907.49,Credit Card,Shipped,False,Akola,West Bengal,293256,True
ORD-10168,Rachit Kala,jacobmangal@example.com,8657839455.0,1989-11-27,35,35-44,Male,2024-04-22,2024,4,2,Monetize Seamless Markets,Books,1644.38,7.0,0.26,8517.89,Cash on Delivery,Unknown,False,Narasaraopet,Mizoram,493246,True
ORD-10169,Bhavini Natt,yashvi74@example.org,1644384919.0,1982-06-09,42,35-44,Female,2022-06-04,2022,6,2,Synergize Extensible Action-Items,Home & Kitchen,1670.08,15.5,0.26,19155.82,Cash on Delivery,Unknown,True,Sasaram,Himachal Pradesh,769774,True
ORD-10170,Odika Zachariah,venkateshharrison@example.net,914633928155.0,1967-02-25,57,55+,Male,2022-05-10,2022,5,2,E-Enable Dot-Com Schemas,Clothing,1721.89,10.0,0.39,10503.53,Credit Card,Delivered,False,Howrah,Odisha,704423,True
ORD-10171,Januja Lanka,ladsneha@example.net,7667048651.0,1999-07-29,25,25-34,Male,2024-07-30,2024,7,3,Expedite Plug-And-Play Web Services,Home & Kitchen,3458.53,5.0,0.47,9165.1,UPI,Delivered,True,Kishanganj,Tamil Nadu,332039,True
ORD-10172,Ekbal Soman,odikabassi@example.com,,1988-11-18,36,35-44,Other,2022-06-18,2022,6,2,Strategize B2C Convergence,Clothing,3788.4,2.0,0.0,7576.8,Cash on Delivery,Delivered,False,Rajahmundry,Goa,470797,True
ORD-10173,,hardikrajagopal@example.com,2755632836.0,1974-04-12,50,45-54,Female,2024-11-29,2024,11,4,Target Global Convergence,Books,400.6,2.0,0.26,592.89,UPI,Shipped,False,Mira-Bhayandar,Bihar,966323,True
ORD-10174,Rudra Reddy,william35@example.com,4243620824.0,2005-06-05,19,18-24,Male,2022-09-30,2022,9,3,Disintermediate Customized Action-Items,Home & Kitchen,1104.62,7.0,0.22,6031.23,Debit Card,Delivered,False,Haridwar,Uttarakhand,996407,True
ORD-10175,Hamsini Sharma,sonifrado@example.com,2726231750.0,1966-03-22,58,55+,Male,2022-09-10,2022,9,3,Cultivate Leading-Edge Experiences,Clothing,1278.43,10.0,0.47,6775.68,Credit Card,Unknown,False,Navi Mumbai,Maharashtra,923353,True
ORD-10176,Kamya Arora,gaurika32@example.net,,1963-07-13,61,55+,Unspecified,2024-11-26,2024,11,4,Synergize Wireless Channels,Clothing,608.08,10.0,0.26,4499.79,Credit Card,Pending,False,Panchkula,Tripura,317662,True
ORD-10177,Damyanti Chada,udyati46@example.net,2972850792.0,2005-12-21,19,18-24,Unspecified,2024-03-03,2024,3,1,Revolutionize Proactive Relationships,Electronics,384.29,1.0,0.47,203.67,Net Banking,Cancelled,False,Tumkur,Sikkim,632887,True
ORD-10178,Dhriti Vora,zkarpe@example.org,918727521447.0,1996-06-26,28,25-34,Female,2024-10-23,2024,10,4,Cultivate Back-End Metrics,Books,463.81,4.0,0.08,1706.82,UPI,Returned,False,Morbi,Karnataka,961145,True
ORD-10179,Wahab Chad,aarushkhurana@example.net,916481941204.0,1992-11-19,32,25-34,Male,2022-05-16,2022,5,2,Aggregate World-Class Roi,Clothing,2200.69,10.0,0.26,16285.11,Credit Card,Delivered,False,,West Bengal,553549,True
ORD-10180,Udarsh Upadhyay,tsandal@example.com,5700614963.0,1994-09-16,30,25-34,Other,2022-01-24,2022,1,1,Engineer Web-Enabled E-Business,Clothing,678.31,5.0,0.06,3188.06,Credit Card,Pending,True,Junagadh,Karnataka,146461,True
ORD-10181,Radhika Agarwal,bhanumatihayre@example.com,7132734447.0,1993-02-24,31,25-34,Female,2024-12-08,2024,12,4,Exploit Visionary Metrics,Home & Kitchen,324.42,3.0,0.13,846.74,Credit Card,Cancelled,True,Tadepalligudem,Nagaland,218274,True
ORD-10182,Wahab Chawla,sathvikpandit@example.com,913461752805.0,1971-09-01,53,45-54,Female,2023-04-13,2023,4,2,Generate Robust Architectures,Clothing,792.92,1.0,0.46,428.18,Net Banking,Shipped,False,Chennai,Mizoram,977540,True
ORD-10183,Chaitaly Wable,umangchad@example.com,912074231682.0,1961-03-29,63,55+,Other,2023-10-18,2023,10,4,Generate Compelling Metrics,Electronics,4031.47,7.0,0.26,20883.01,Cash on Delivery,Pending,True,Navi Mumbai,Assam,344061,True
ORD-10184,Chanakya Nagi,,8424430023.0,1973-09-01,51,45-54,Female,2023-11-02,2023,11,4,Syndicate Cutting-Edge Interfaces,Sports,3132.45,10.0,0.5,15662.25,Debit Card,Unknown,False,Madanapalle,Manipur,371058,True
ORD-10185,,harrison92@example.com,913741037667.0,1995-08-24,29,25-34,Female,2023-05-18,2023,5,2,Implement Cross-Platform Functionalities,Books,4392.13,1.0,0.19,3557.63,UPI,Delivered,False,Bettiah,Telangana,329129,True
ORD-10186,Radhika Jhaveri,orinderagate@example.org,917972952921.0,1960-09-15,64,55+,Male,2024-05-09,2024,5,2,Unleash E-Business E-Commerce,Electronics,1195.79,7.0,0.19,6780.13,Credit Card,Cancelled,False,Munger,Arunachal Pradesh,320852,True
ORD-10187,Adya Kala,cchokshi@example.net,8584473344.0,1965-01-06,60,55+,Male,2024-03-18,2024,3,1,Envisioneer Interactive Networks,Clothing,4262.02,7.0,0.37,18795.51,UPI,Returned,True,Ambarnath,Himachal Pradesh,259123,True
ORD-10188,Upma Peri,wahabrao@example.org,914043867681.0,1977-01-04,48,45-54,Male,2023-02-20,2023,2,1,Streamline Dot-Com Content,Home & Kitchen,2062.24,4.0,0.23,6351.7,Credit Card,Delivered,False,Kolkata,Odisha,257680,True
ORD-10189,Advika Vasa,ghosetanay@example.net,4733856988.0,1982-01-28,42,35-44,Other,2023-09-16,2023,9,3,E-Enable Frictionless Models,Clothing,2011.41,5.0,0.26,7442.22,Cash on Delivery,Unknown,True,Katihar,Punjab,763968,True
ORD-10190,Raagini Chandran,masonramachandran@example.com,7769993252.0,1986-11-29,38,35-44,Male,2023-05-27,2023,5,2,Seize Efficient Communities,Electronics,4913.71,7.0,0.32,23389.26,Credit Card,Cancelled,False,Kulti,Goa,350448,True
ORD-10191,Nidra Hegde,arjunhari@example.com,1049426493.0,2001-12-26,23,18-24,Unspecified,2022-06-03,2022,6,2,Facilitate Scalable Communities,Electronics,4244.01,2.0,0.26,6281.13,Cash on Delivery,Delivered,True,Kharagpur,Telangana,882534,True
ORD-10192,Falak Vyas,kshanker@example.org,6400934783.0,2007-08-07,17,18-24,Female,2024-06-06,2024,6,2,Morph Intuitive Communities,Clothing,1411.16,3.0,0.26,3132.78,Cash on Delivery,Cancelled,True,Kolkata,Andhra Pradesh,14062,True
ORD-10193,Utkarsh Hora,dashkala@example.com,2302008464.0,1989-05-01,35,35-44,Female,2024-10-18,2024,10,4,E-Enable Bricks-And-Clicks Web Services,Electronics,3231.13,4.0,0.4,7754.71,Credit Card,Returned,True,Siliguri,Karnataka,910574,True
ORD-10194,Radha Varma,naveenmahajan@example.net,916835159756.0,1977-02-04,47,45-54,Male,2024-09-09,2024,9,3,Extend Collaborative Networks,Electronics,3005.73,5.0,0.26,11121.2,Cash on Delivery,Cancelled,True,Khandwa,Himachal Pradesh,611807,True
ORD-10195,Kamya Pall,qkhatri@example.net,3989660579.0,1992-01-29,32,25-34,Unspecified,2023-04-22,2023,4,2,Benchmark Transparent Metrics,Books,4982.14,7.0,0.42,20227.49,Credit Card,Shipped,True,Tadepalligudem,Uttarakhand,554177,True
ORD-10196,Ubika Murthy,teerthdixit@example.org,915651188736.0,1965-03-26,59,55+,Male,2024-01-05,2024,1,1,Iterate Web-Enabled Roi,Books,4191.65,8.0,0.09,30515.21,Credit Card,Delivered,True,Tadepalligudem,Uttarakhand,721707,True
ORD-10197,Gavin Bhargava,,7622947361.0,1987-02-01,37,35-44,Male,2023-03-25,2023,3,1,Leverage World-Class Applications,Sports,3598.84,6.0,0.26,15978.85,Credit Card,Cancelled,False,Bilaspur,Jharkhand,46925,True
ORD-10198,Ishwar Sarma,nchandra@example.org,7186716449.0,2006-05-21,18,18-24,Female,2022-08-16,2022,8,3,E-Enable Distributed Networks,Books,1543.74,3.0,0.22,3612.35,Cash on Delivery,Unknown,False,Rohtak,Assam,813460,True
ORD-10199,Udyati Varughese,nidranadig@example.net,919864830000.0,1990-07-17,34,25-34,Other,2024-01-01,2024,1,1,Expedite Cross-Platform Convergence,Books,929.66,15.5,0.2,11527.78,Cash on Delivery,Delivered,True,Vellore,Andhra Pradesh,391683,True
ORD-10200,Bakhshi Raj,mohinidayal@example.org,4989837101.0,1967-11-15,57,55+,Male,2023-03-29,2023,3,1,E-Enable Impactful Synergies,Clothing,881.04,2.0,0.34,1162.97,UPI,Returned,False,,Madhya Pradesh,331747,True
ORD-10201,Deepa Prabhakar,iwali@example.org,913731425296.0,2002-02-23,22,18-24,Male,2023-05-27,2023,5,2,Disintermediate Integrated Paradigms,Home & Kitchen,2127.28,7.0,0.26,11019.31,Cash on Delivery,Returned,False,Bangalore,Mizoram,641355,True
ORD-10202,Nimrat Kant,sthakur@example.net,,2001-12-14,23,18-24,Male,2023-04-07,2023,4,2,Reinvent Cutting-Edge Niches,Clothing,568.39,7.0,0.04,3819.58,Credit Card,Pending,True,Chandrapur,Nagaland,513615,True
ORD-10203,Avi Ben,wvenkatesh@example.com,7924827917.0,1967-02-26,57,55+,Female,2024-09-15,2024,9,3,Engineer User-Centric Technologies,Electronics,1688.92,7.0,0.36,7566.36,Cash on Delivery,Pending,True,Patna,Uttarakhand,741873,True
ORD-10204,Farhan Swaminathan,omaster@example.com,2570224268.0,1965-09-01,59,55+,Male,2023-05-02,2023,5,2,Drive Proactive Architectures,Electronics,2166.65,10.0,0.05,20583.18,Debit Card,Shipped,True,Gaya,Madhya Pradesh,167316,True
ORD-10205,Rohan Anand,bhatpeter@example.net,919671319359.0,1975-02-19,49,45-54,Other,2024-08-27,2024,8,3,Drive Real-Time Channels,Clothing,2743.42,7.0,0.22,14979.07,UPI,Returned,False,Sri Ganganagar,Chhattisgarh,131160,True
ORD-10206,Qabil D’Alia,parmerekani@example.net,6350967620.0,2004-12-25,20,18-24,Other,2023-07-05,2023,7,3,Benchmark Strategic Info-Mediaries,Clothing,2099.23,4.0,0.42,4870.21,Cash on Delivery,Returned,False,Ranchi,Meghalaya,648183,True
ORD-10207,Harini Bala,irya45@example.com,7019677996.0,1969-06-21,55,55+,Other,2024-08-30,2024,8,3,Maximize Compelling Mindshare,Electronics,4507.25,10.0,0.47,23888.43,Cash on Delivery,Shipped,False,Begusarai,Meghalaya,705224,True
ORD-10208,Osha Om,sharafupadhriti@example.com,8575241528.0,1967-08-08,57,55+,Female,2023-03-10,2023,3,1,Deploy Ubiquitous Initiatives,Clothing,3154.77,5.0,0.36,10095.26,Credit Card,Delivered,False,Gudivada,Goa,674390,True
ORD-10209,Pratyush Tara,daskeya@example.net,,1994-09-22,30,25-34,Other,2023-10-30,2023,10,4,Morph Integrated Architectures,Books,3919.34,3.0,0.29,8348.19,Credit Card,Delivered,True,Coimbatore,Assam,478652,True
ORD-10210,Devika Reddy,cshanker@example.org,916830431006.0,1976-10-15,48,45-54,Female,2023-08-09,2023,8,3,Streamline Front-End Web Services,Books,902.39,10.0,0.35,5865.54,Credit Card,Returned,True,Ongole,Meghalaya,306120,True
ORD-10211,Jonathan Rastogi,zachariaaarnav@example.net,910108190952.0,1993-04-15,31,25-34,Male,2023-05-02,2023,5,2,Engineer Innovative E-Markets,Clothing,1550.12,8.0,0.34,8184.63,Debit Card,Shipped,False,Tadipatri,Rajasthan,323980,True
ORD-10212,Rachita Jha,gmital@example.org,7091920384.0,2003-05-01,21,18-24,Male,2024-06-26,2024,6,2,Repurpose Granular E-Services,Home & Kitchen,4128.65,9.0,0.41,21923.13,Cash on Delivery,Shipped,False,Bulandshahr,West Bengal,785770,True
ORD-10213,Bhanumati Khatri,pandyabrijesh@example.net,917564525222.0,1979-12-20,45,45-54,Male,2024-11-03,2024,11,4,Target B2C Metrics,Electronics,4173.0,4.0,0.26,12352.08,Credit Card,Pending,True,Munger,Himachal Pradesh,989277,True
ORD-10214,Fiyaz Sagar,ramananirudh@example.org,1038701306.0,1967-01-05,58,55+,Male,2024-01-25,2024,1,1,Incentivize Customized Mindshare,Clothing,2990.52,8.0,0.17,19857.05,Credit Card,Pending,False,Berhampore,Jharkhand,934379,True
ORD-10215,Urvashi Rau,,6064529414.0,1968-08-12,56,55+,Unspecified,2022-07-05,2022,7,3,Revolutionize Web-Enabled Experiences,Clothing,3254.53,5.0,0.26,12041.76,Credit Card,Returned,False,Panipat,Arunachal Pradesh,916424,True
ORD-10216,Patrick Mandal,andrewvaidya@example.net,914191493115.0,1985-08-03,39,35-44,Other,2022-12-21,2022,12,4,Repurpose Visionary Action-Items,Books,2147.84,6.0,0.11,11469.47,UPI,Unknown,True,Bhimavaram,Arunachal Pradesh,729580,True
ORD-10217,,tpingle@example.net,915962695566.0,1968-12-08,56,55+,Female,2024-03-24,2024,3,1,Re-Contextualize Seamless Functionalities,Home & Kitchen,3064.8,2.0,0.17,5087.57,UPI,Unknown,True,Dhule,Meghalaya,232188,True
ORD-10218,Lila Biswas,malllaksh@example.org,6267794117.0,1963-10-12,61,55+,Male,2023-06-19,2023,6,2,Cultivate Seamless Interfaces,Sports,4059.64,6.0,0.36,15589.02,Cash on Delivery,Pending,False,Vasai-Virar,Kerala,317738,True
ORD-10219,Chandani Ratta,urmi50@example.net,910724195850.0,1960-11-22,64,55+,Male,2024-04-08,2024,4,2,Drive Enterprise Action-Items,Clothing,1150.7,8.0,0.34,6075.7,Cash on Delivery,Pending,False,Shivpuri,Jharkhand,87686,True
ORD-10220,Warinder Dugar,ktank@example.com,1504981048.0,1981-10-10,43,35-44,Unspecified,2023-01-06,2023,1,1,Orchestrate Wireless Info-Mediaries,Home & Kitchen,956.19,6.0,0.11,5106.05,Debit Card,Unknown,False,Bhagalpur,Haryana,310618,True
ORD-10221,Ansh Dhar,spadmanabhan@example.com,8188764714.0,2005-07-15,19,18-24,Female,2023-11-10,2023,11,4,Unleash World-Class Supply-Chains,Electronics,2938.69,2.0,0.1,5289.64,Credit Card,Unknown,True,Khandwa,Bihar,890531,True
ORD-10222,Chameli Sodhi,fkarnik@example.com,4458180694.0,1995-06-02,29,25-34,Female,2024-04-26,2024,4,2,Syndicate Collaborative Relationships,Home & Kitchen,4469.58,3.0,0.36,8581.59,Credit Card,Returned,False,Giridih,Goa,736265,True
ORD-10223,,tiwariradha@example.net,9279984480.0,2003-03-25,21,18-24,Male,2023-10-04,2023,10,4,Engineer Granular Models,Books,2473.41,2.0,0.22,3858.52,Net Banking,Returned,False,Aizawl,West Bengal,184888,True
ORD-10224,Tejas Sami,ishwar01@example.net,919566154566.0,1990-11-02,34,25-34,Male,2024-02-25,2024,2,1,Facilitate Synergistic Vortals,Clothing,2678.62,1.0,0.12,2357.19,UPI,Pending,False,Serampore,Bihar,632697,True
ORD-10225,Shravya Bhavsar,mdevi@example.com,918456501327.0,2000-09-06,24,18-24,Male,2024-10-27,2024,10,4,Orchestrate Dot-Com Vortals,Home & Kitchen,3002.03,3.0,0.45,4953.35,UPI,Shipped,False,Dewas,Gujarat,343841,True
ORD-10226,Ira Shukla,jbhatnagar@example.net,2562779463.0,1983-01-14,41,35-44,Other,2024-04-06,2024,4,2,Scale Next-Generation Communities,Electronics,886.47,1.0,0.32,602.8,Cash on Delivery,Cancelled,True,Ambarnath,Bihar,811246,True
ORD-10227,Ikshita Venkataraman,nsarin@example.net,911607653890.0,1962-07-29,62,55+,Male,2022-08-10,2022,8,3,Enable Wireless Architectures,Home & Kitchen,3524.25,1.0,0.33,2361.25,Cash on Delivery,Pending,False,Thiruvananthapuram,Madhya Pradesh,825154,True
ORD-10228,Nachiket Panchal,gabaarin@example.org,1904845019.0,2005-07-30,19,18-24,Male,2022-10-08,2022,10,4,Cultivate Front-End Synergies,Clothing,576.01,4.0,0.42,1336.34,Debit Card,Pending,True,Aizawl,Andhra Pradesh,697861,True
ORD-10229,Vincent Mandal,bbhatnagar@example.org,5817518884.0,1994-03-27,30,25-34,Female,2022-11-25,2022,11,4,Enable Global Communities,Clothing,113.11,2.0,0.33,151.57,Credit Card,Delivered,True,Mau,Chhattisgarh,759387,True
ORD-10230,Ishwar Mishra,zmutti@example.com,7812549441.0,1984-03-05,40,35-44,Male,2022-07-27,2022,7,3,Streamline Extensible Portals,Home & Kitchen,4075.23,5.0,0.34,13448.26,Net Banking,Unknown,False,Nagaon,Karnataka,932761,True
ORD-10231,Nisha Malhotra,samakshgoyal@example.org,297990379.0,2003-11-27,21,18-24,Female,2022-04-04,2022,4,2,Exploit Front-End Vortals,Home & Kitchen,1378.13,6.0,0.09,7524.59,Net Banking,Returned,True,Bhiwani,Meghalaya,289725,True
ORD-10232,Isha Basak,kaladamini@example.net,917011243470.0,1967-10-05,57,55+,Male,2024-02-29,2024,2,1,Morph Vertical Web-Readiness,Electronics,340.3,3.0,0.46,551.29,Cash on Delivery,Cancelled,False,Jehanabad,Manipur,55351,True
ORD-10233,Warhi Guha,william14@example.org,1724993653.0,1984-05-15,40,35-44,Other,2024-02-17,2024,2,1,Utilize Leading-Edge Initiatives,Electronics,2466.21,8.0,0.26,14599.96,UPI,Unknown,False,Ghaziabad,Nagaland,196893,True
ORD-10234,Janani Mody,pahal81@example.net,911716375742.0,1991-07-17,33,25-34,Female,2024-12-10,2024,12,4,Deploy Open-Source Relationships,Books,521.45,4.0,0.33,1397.49,Net Banking,Shipped,True,Varanasi,Maharashtra,172237,True
ORD-10235,Farhan Dhar,tripathifarhan@example.net,5328687542.0,1976-03-24,48,45-54,Female,2022-04-22,2022,4,2,Harness Collaborative Portals,Sports,3769.58,6.0,0.03,21938.96,Debit Card,Cancelled,False,Maheshtala,Tamil Nadu,898402,True
ORD-10236,Bishakha Srinivas,advaith38@example.com,3876536693.0,2006-02-25,18,18-24,Female,2023-04-27,2023,4,2,Aggregate Real-Time Experiences,Home & Kitchen,4904.32,1.0,0.21,3874.41,Cash on Delivery,Cancelled,True,,Tripura,302791,True
ORD-10237,Jeet Baria,mkunda@example.com,911036796871.0,1981-08-22,43,35-44,Male,2023-09-16,2023,9,3,Architect Customized E-Tailers,Sports,2299.58,10.0,0.36,14717.31,UPI,Unknown,True,Tiruchirappalli,Arunachal Pradesh,339852,True
ORD-10238,Pooja Mann,snatt@example.org,6669342543.0,1982-09-12,42,35-44,Male,2023-03-31,2023,3,1,Redefine Open-Source Eyeballs,Home & Kitchen,3525.38,3.0,0.41,6239.92,Net Banking,Delivered,False,Deoghar,Karnataka,327870,True
ORD-10239,Shivani Buch,oparekh@example.com,919824914420.0,1971-09-24,53,45-54,Unspecified,2023-01-20,2023,1,1,Morph Clicks-And-Mortar Platforms,Clothing,583.44,10.0,0.45,3208.92,Cash on Delivery,Unknown,True,Amravati,Meghalaya,640138,True
ORD-10240,,hdate@example.com,914000326461.0,1965-05-21,59,55+,Female,2022-10-03,2022,10,4,Extend Virtual Communities,Sports,4625.64,3.0,0.09,12628.0,Credit Card,Delivered,True,Ambarnath,Kerala,611148,True
ORD-10241,Ishani Basu,reddyishita@example.net,911341483073.0,1965-08-16,59,55+,Male,2023-10-22,2023,10,4,Iterate Vertical Supply-Chains,Clothing,1747.15,3.0,0.3,3669.02,Cash on Delivery,Pending,True,Srinagar,Kerala,556746,True
ORD-10242,Michael Sanghvi,borasanaya@example.org,9279997137.0,1967-03-10,57,55+,Female,2023-10-05,2023,10,4,Synthesize Holistic Content,Books,3566.46,3.0,0.35,6954.6,UPI,Unknown,True,Bilaspur,Odisha,922684,True
ORD-10243,Vrishti Bansal,ansh04@example.net,1938872301.0,2007-08-19,17,18-24,Female,2024-09-10,2024,9,3,Aggregate Cross-Media Relationships,Sports,577.03,1.0,0.1,519.33,Credit Card,Pending,False,Aurangabad,Chhattisgarh,571160,True
ORD-10244,Indira Ratta,timothy58@example.org,5129396006.0,1986-09-18,38,35-44,Female,2022-05-08,2022,5,2,Scale Holistic Markets,Electronics,3393.85,4.0,0.28,9774.29,Debit Card,Cancelled,False,Ramgarh,Punjab,181586,True
ORD-10245,Max Sidhu,jeevikacontractor@example.com,4607906770.0,1972-09-15,52,45-54,Other,2023-08-13,2023,8,3,Innovate One-To-One Methodologies,Clothing,316.32,4.0,0.39,771.82,Cash on Delivery,Shipped,False,Nashik,Andhra Pradesh,740822,True
ORD-10246,Shravya Sastry,gaurika67@example.org,5667351867.0,1988-07-16,36,35-44,Male,2024-01-24,2024,1,1,Unleash Interactive Applications,Books,4814.25,2.0,0.21,7606.52,Cash on Delivery,Pending,True,Suryapet,Haryana,115653,True
ORD-10247,Vrishti Vasa,xpatel@example.com,4892122678.0,1969-04-05,55,55+,Male,2023-06-07,2023,6,2,Engage Enterprise Models,Clothing,3879.62,5.0,0.29,13772.65,UPI,Delivered,True,Patiala,Andhra Pradesh,639373,True
ORD-10248,Rayaan Trivedi,mallickyashvi@example.net,915278008914.0,1983-04-30,41,35-44,Male,2024-12-12,2024,12,4,Drive Synergistic Communities,Home & Kitchen,2046.91,4.0,0.17,6795.74,UPI,Shipped,True,North Dumdum,Arunachal Pradesh,897604,True
ORD-10249,Sachi Murty,utkarshchaudhari@example.com,9862530340.0,1974-12-30,50,45-54,Male,2024-12-22,2024,12,4,Embrace Ubiquitous Mindshare,Books,2256.05,10.0,0.26,16694.77,Cash on Delivery,Unknown,False,Tadepalligudem,Punjab,303358,True
ORD-10250,Isaiah Chawla,palbhavna@example.net,,1968-03-19,56,55+,Female,2022-08-21,2022,8,3,Morph Cross-Platform Partnerships,Sports,2595.83,8.0,0.26,15367.31,Debit Card,Pending,True,Hubli–Dharwad,Haryana,560349,True
ORD-10251,Frederick Barman,lmanda@example.net,464446465.0,1995-11-18,29,25-34,Male,2022-12-09,2022,12,4,Facilitate Proactive E-Commerce,Sports,4186.54,7.0,0.47,15532.06,Credit Card,Delivered,True,Patiala,Arunachal Pradesh,340752,True
ORD-10252,Mahika Agarwal,cherianadvay@example.com,2518053947.0,1993-03-21,31,25-34,Male,2022-03-19,2022,3,1,Leverage Viral Functionalities,Books,4559.38,8.0,0.22,28450.53,Credit Card,Returned,True,Belgaum,Meghalaya,552536,True
ORD-10253,Harshil Master,hemang45@example.net,2853166897.0,1968-11-10,56,55+,Male,2022-01-13,2022,1,1,Leverage Clicks-And-Mortar E-Services,Clothing,575.37,5.0,0.14,2474.09,Cash on Delivery,Returned,False,Jamshedpur,Telangana,264023,True
ORD-10254,Anya Ray,gauravshan@example.com,6446801667.0,1965-03-17,59,55+,Unspecified,2022-03-05,2022,3,1,Exploit Frictionless E-Business,Sports,1510.14,5.0,0.46,4077.38,UPI,Delivered,True,Rampur,Maharashtra,567344,True
ORD-10255,Teerth Suresh,ybrahmbhatt@example.net,914089614364.0,1990-08-17,34,25-34,Female,2022-10-17,2022,10,4,Monetize Bricks-And-Clicks Partnerships,Electronics,3754.07,6.0,0.45,12388.43,Cash on Delivery,Shipped,False,Rajpur Sonarpur,Haryana,785274,True
ORD-10256,Rishi Lalla,anshkade@example.com,9369242380.0,2001-07-16,23,18-24,Male,2023-06-02,2023,6,2,Integrate Mission-Critical Models,Sports,4950.88,9.0,0.26,32972.86,Credit Card,Pending,False,Hajipur,Madhya Pradesh,441520,True
ORD-10257,Vasudha Din,mitesh72@example.com,1990398980.0,1971-01-12,54,45-54,Male,2024-09-24,2024,9,3,Utilize Back-End Platforms,Books,1007.82,6.0,0.15,5139.88,Cash on Delivery,Shipped,True,Nagpur,Tamil Nadu,933195,True
ORD-10258,Hemal Saha,banjeetoommen@example.org,7330121978.0,1978-04-07,46,45-54,Other,2023-10-10,2023,10,4,Envisioneer Front-End Portals,Books,1419.57,6.0,0.23,6558.41,UPI,Pending,True,Bharatpur,Punjab,420705,True
ORD-10259,Anirudh Borra,zluthra@example.net,912280460958.0,1977-08-01,47,45-54,Female,2022-12-26,2022,12,4,Enable Bricks-And-Clicks Interfaces,Clothing,4437.36,2.0,0.42,5147.34,Credit Card,Cancelled,False,Bhind,Goa,508866,True
ORD-10260,Bhavika Saraf,ethan38@example.org,914703398280.0,1988-03-17,36,35-44,Female,2023-03-12,2023,3,1,Embrace Integrated Experiences,Books,1860.8,10.0,0.15,15816.8,Cash on Delivery,Cancelled,False,Chittoor,Chhattisgarh,998737,True
ORD-10261,Qarin Mitra,bhavnakothari@example.net,912345779904.0,1962-10-20,62,55+,Female,2024-01-16,2024,1,1,Facilitate Best-Of-Breed Communities,Books,2594.98,3.0,0.28,5605.16,Credit Card,Unknown,True,Ramgarh,Karnataka,391809,True
ORD-10262,Raksha Nori,tshan@example.com,916156405124.0,1963-03-24,61,55+,Male,2022-03-24,2022,3,1,Redefine B2C Web Services,Electronics,2613.53,7.0,0.23,14086.93,Credit Card,Delivered,True,Thane,Gujarat,262393,True
ORD-10263,Kalpit Ravel,hegdeamara@example.org,917172430619.0,1975-01-05,50,45-54,Male,2022-07-31,2022,7,3,Brand 24/365 E-Business,Home & Kitchen,1858.22,2.0,0.19,3010.32,Debit Card,Cancelled,False,Bhilwara,Rajasthan,566872,True
ORD-10264,Raghav Datta,dasqarin@example.net,,1964-01-30,60,55+,Male,2023-12-08,2023,12,4,Incentivize Mission-Critical Systems,Home & Kitchen,431.59,4.0,0.08,1588.25,Cash on Delivery,Unknown,False,Nadiad,Tamil Nadu,310779,True
ORD-10265,Ladli Roy,arindhawan@example.net,8663751649.0,2005-04-12,19,18-24,Female,2023-04-17,2023,4,2,Reinvent Vertical Mindshare,Home & Kitchen,848.17,1.0,0.06,797.28,Cash on Delivery,Shipped,True,Satna,Tamil Nadu,957245,True
ORD-10266,Nilima Oak,hritik01@example.com,913406108993.0,1995-08-28,29,25-34,Female,2022-03-22,2022,3,1,Generate Bricks-And-Clicks Niches,Books,3206.23,5.0,0.11,14267.72,Cash on Delivery,Returned,False,Rampur,Rajasthan,928030,True
ORD-10267,Xalak Chandran,wasonxalak@example.org,913079338208.0,1966-03-26,58,55+,Male,2023-03-26,2023,3,1,Morph Impactful Web-Readiness,Books,1359.38,6.0,0.3,5709.4,Credit Card,Shipped,False,Kozhikode,Tripura,984592,True
ORD-10268,Patrick Agrawal,srinivasanhemang@example.org,915816795403.0,1969-07-28,55,55+,Female,2022-08-11,2022,8,3,Repurpose Innovative Schemas,Sports,526.68,10.0,0.44,2949.41,Cash on Delivery,Cancelled,True,Satara,Arunachal Pradesh,502576,True
ORD-10269,Charles Buch,kvyas@example.net,,1968-06-11,56,55+,Unspecified,2024-09-14,2024,9,3,Iterate Dynamic Web-Readiness,Books,2634.12,1.0,0.21,2080.95,Cash on Delivery,Returned,False,Firozabad,Sikkim,639271,True
ORD-10270,Maanav Narayanan,bhattharini@example.org,2338233570.0,2005-11-17,19,18-24,Male,2022-07-20,2022,7,3,Incentivize Seamless Vortals,Clothing,2741.47,1.0,0.39,1672.3,Cash on Delivery,Cancelled,True,Asansol,Gujarat,624505,True
ORD-10271,Teerth Karnik,chaudharitejas@example.com,915739982949.0,1990-06-17,34,25-34,Male,2024-02-08,2024,2,1,Unleash Enterprise E-Commerce,Home & Kitchen,1305.48,7.0,0.31,6305.47,Net Banking,Shipped,False,Kota,West Bengal,724139,True
ORD-10272,Fariq Nori,gayathri83@example.net,8605878261.0,1979-02-20,45,45-54,Male,2024-09-15,2024,9,3,Streamline Value-Added Methodologies,Books,3542.2,2.0,0.22,5525.83,Credit Card,Delivered,False,Giridih,Jharkhand,849985,True
ORD-10273,Yagnesh Kota,butalawarjas@example.com,,2002-09-19,22,18-24,Male,2023-11-25,2023,11,4,Synergize Web-Enabled Methodologies,Sports,4633.02,2.0,0.19,7505.49,Cash on Delivery,Delivered,False,New Delhi,Tripura,298082,True
ORD-10274,Luke Kunda,walianika@example.com,910670309936.0,1988-03-13,36,35-44,Male,2024-12-03,2024,12,4,Disintermediate Vertical Eyeballs,Books,103.02,9.0,0.02,908.64,Cash on Delivery,Cancelled,False,Salem,Assam,894964,True
ORD-10275,Balendra Saran,jborah@example.com,875908680.0,1966-01-05,59,55+,Male,2022-12-14,2022,12,4,Mesh Viral Synergies,Clothing,1797.98,10.0,0.01,17800.0,Credit Card,Delivered,False,Chennai,Uttar Pradesh,162610,True
ORD-10276,Upadhriti Pradhan,zansibahri@example.org,2139643179.0,1983-05-21,41,35-44,Male,2023-12-14,2023,12,4,Expedite End-To-End Info-Mediaries,Home & Kitchen,2895.79,7.0,0.28,14594.78,Cash on Delivery,Pending,True,Amravati,Andhra Pradesh,695811,True
ORD-10277,Forum Ratta,nathan14@example.net,5751023552.0,1983-01-23,41,35-44,Other,2024-11-17,2024,11,4,Harness Distributed Systems,Home & Kitchen,2837.68,6.0,0.26,12599.3,Cash on Delivery,Cancelled,False,Ahmedabad,Uttarakhand,123769,True
ORD-10278,Vasana Agrawal,qabil14@example.com,916890109627.0,1976-12-01,48,45-54,Other,2022-08-27,2022,8,3,Synergize Extensible E-Tailers,Books,1612.87,9.0,0.35,9435.29,UPI,Shipped,False,Machilipatnam,Chhattisgarh,401993,True
ORD-10279,Darika Rana,ngolla@example.com,5401086356.0,1983-08-12,41,35-44,Male,2023-12-02,2023,12,4,Facilitate Distributed Roi,Books,4738.23,4.0,0.1,17057.63,Debit Card,Pending,False,Barasat,Himachal Pradesh,554325,True
ORD-10280,Kiaan Guha,rishiparmar@example.com,6454485192.0,1963-02-18,61,55+,Other,2023-05-27,2023,5,2,Repurpose Impactful Models,Books,82.79,1.0,0.19,67.06,UPI,Returned,True,Nangloi Jat,Punjab,134648,True
ORD-10281,Balhaar Baral,chatreshravi@example.net,1152115774.0,1973-07-17,51,45-54,Female,2023-07-17,2023,7,3,Engage Visionary Supply-Chains,Clothing,684.82,7.0,0.27,3499.43,Cash on Delivery,Pending,False,Bhilai,Karnataka,764128,True
ORD-10282,Utkarsh Devi,mgara@example.net,7588103703.0,1977-11-01,47,45-54,Other,2022-12-24,2022,12,4,Evolve Cross-Media Vortals,Electronics,1093.22,6.0,0.43,3738.81,Credit Card,Cancelled,True,Shahjahanpur,Telangana,137185,True
ORD-10283,Amrita Puri,rrana@example.com,916540633273.0,1963-11-23,61,55+,Other,2024-08-23,2024,8,3,Productize Collaborative Convergence,Sports,4278.91,3.0,0.49,6546.73,Debit Card,Delivered,False,Kota,Madhya Pradesh,485124,True
ORD-10284,Saumya Sankaran,jbala@example.net,2311116593.0,2001-09-15,23,18-24,Other,2023-04-28,2023,4,2,Envisioneer One-To-One Vortals,Electronics,98.22,3.0,0.42,170.9,Cash on Delivery,Cancelled,False,Avadi,Meghalaya,139085,True
ORD-10285,Dakshesh Nigam,deohemal@example.org,,2005-05-26,19,18-24,Male,2024-09-23,2024,9,3,Transform Dynamic Initiatives,Books,1116.56,2.0,0.17,1853.49,UPI,Pending,False,Jammu,Nagaland,943784,True
ORD-10286,,rrai@example.net,917245372197.0,1969-06-09,55,55+,Female,2023-06-12,2023,6,2,Synthesize Sticky Functionalities,Clothing,3266.83,5.0,0.34,10780.54,Cash on Delivery,Unknown,True,Serampore,West Bengal,632758,True
ORD-10287,Radhika Jha,madhav49@example.net,914849754745.0,1998-11-05,26,25-34,Other,2024-02-20,2024,2,1,Architect Enterprise Bandwidth,Sports,2137.99,7.0,0.04,14367.29,Credit Card,Pending,True,Gulbarga,Uttarakhand,684292,True
ORD-10288,Bimala Sangha,wridesh71@example.com,3358129805.0,1965-10-20,59,55+,Unspecified,2023-08-20,2023,8,3,Reinvent Proactive Channels,Sports,3752.08,8.0,0.09,27315.14,Credit Card,Shipped,False,Korba,Andhra Pradesh,243977,True
ORD-10289,Ridhi Dash,basukiaan@example.org,914318856252.0,2001-07-20,23,18-24,Female,2023-05-31,2023,5,2,Innovate Cross-Platform Systems,Home & Kitchen,3866.12,2.0,0.26,5721.86,Cash on Delivery,Unknown,False,Bhind,Madhya Pradesh,183209,True
ORD-10290,Lila Golla,ayush21@example.com,8719994452.0,1982-07-11,42,35-44,Male,2023-09-26,2023,9,3,Transition Bleeding-Edge Supply-Chains,Home & Kitchen,191.43,6.0,0.23,884.41,Cash on Delivery,Pending,False,Bhiwandi,West Bengal,547889,True
ORD-10291,Oeshi Garde,vanya27@example.org,3335984362.0,1978-01-22,46,45-54,Female,2022-12-29,2022,12,4,Mesh Dot-Com Methodologies,Books,1582.82,9.0,0.04,13675.56,UPI,Pending,False,Yamunanagar,Jharkhand,84186,True
ORD-10292,,akshay26@example.com,4975847624.0,1978-06-14,46,45-54,Female,2023-09-14,2023,9,3,Visualize Dot-Com Communities,Clothing,91.17,8.0,0.38,452.2,UPI,Cancelled,True,Noida,Rajasthan,658557,True
ORD-10293,Pahal Palla,thakurdiya@example.net,919283139644.0,1973-08-30,51,45-54,Male,2024-02-05,2024,2,1,Benchmark B2C Channels,Books,1979.13,5.0,0.26,7322.78,Debit Card,Unknown,True,Patiala,Karnataka,314303,True
ORD-10294,Varsha Datta,jai29@example.org,3775985174.0,1969-08-11,55,55+,Male,2023-07-11,2023,7,3,Brand Efficient Experiences,Sports,726.29,8.0,0.14,4996.88,Cash on Delivery,Returned,True,Madurai,Gujarat,48762,True
ORD-10295,Samesh Sahota,,915939573929.0,1973-07-18,51,45-54,Male,2022-11-08,2022,11,4,Innovate Rich Convergence,Clothing,2220.16,1.0,0.26,1642.92,UPI,Returned,False,Karimnagar,Bihar,415581,True
ORD-10296,Shivansh Sule,nsura@example.net,2507090104.0,1990-11-13,34,25-34,Unspecified,2024-10-17,2024,10,4,Architect Scalable Action-Items,Electronics,3889.48,8.0,0.45,17113.71,UPI,Returned,True,Agra,West Bengal,696932,True
ORD-10297,Hemani Jha,urmi93@example.com,7016929220.0,2001-05-29,23,18-24,Male,2023-05-25,2023,5,2,Integrate Revolutionary Bandwidth,Clothing,3866.43,4.0,0.34,10207.38,UPI,Pending,False,Raichur,Sikkim,392306,True
ORD-10298,Hemangini Bir,mhalder@example.net,917371605546.0,1989-06-24,35,35-44,Male,2022-03-28,2022,3,1,Empower Plug-And-Play Action-Items,Sports,4867.71,7.0,0.08,31348.05,UPI,Cancelled,False,Ongole,Manipur,360363,True
ORD-10299,Mason Loke,ushroff@example.net,919491913155.0,1996-08-18,28,25-34,Other,2023-05-13,2023,5,2,Synthesize Magnetic Deliverables,Books,3865.45,8.0,0.26,22883.46,Cash on Delivery,Pending,False,Tenali,Gujarat,409877,True
ORD-10300,Nandini Gade,dhaliwalsiya@example.org,567598267.0,2004-08-22,20,18-24,Male,2022-05-03,2022,5,2,Evolve Impactful Schemas,Electronics,1617.86,6.0,0.22,7571.58,Debit Card,Delivered,True,Tumkur,Tripura,771168,True
ORD-10301,Siya Bath,aradhana31@example.org,6000289968.0,1989-05-18,35,35-44,Male,2022-10-03,2022,10,4,Scale Back-End E-Commerce,Home & Kitchen,989.39,6.0,0.23,4570.98,Cash on Delivery,Cancelled,True,Firozabad,Chhattisgarh,529981,True
ORD-10302,Zehaan Agate,lsabharwal@example.org,104580724.0,1981-12-08,43,35-44,Male,2022-11-14,2022,11,4,Deliver Strategic Niches,Sports,1926.27,1.0,0.18,1579.54,Cash on Delivery,Shipped,True,Nashik,Uttar Pradesh,432749,True
ORD-10303,Sara Nazareth,kmahajan@example.com,428222793.0,2003-09-02,21,18-24,Female,2024-03-04,2024,3,1,Scale Cross-Platform Content,Clothing,3222.47,9.0,0.02,28422.19,Credit Card,Shipped,False,Dhule,Punjab,119337,True
ORD-10304,Triya Salvi,,918362989084.0,1974-03-13,50,45-54,Female,2022-08-08,2022,8,3,Innovate Scalable Applications,Books,3138.65,1.0,0.26,2322.6,Cash on Delivery,Unknown,False,Bulandshahr,Sikkim,882985,True
ORD-10305,Jhalak Koshy,etalala@example.net,918967879016.0,1990-02-19,34,25-34,Other,2024-10-03,2024,10,4,Engage Rich Partnerships,Books,3981.54,10.0,0.26,29463.4,Cash on Delivery,Unknown,False,Gaya,Sikkim,313812,True
ORD-10306,Pavani Murthy,zaitra24@example.org,5019186263.0,1965-03-29,59,55+,Male,2024-11-29,2024,11,4,Optimize Mission-Critical Architectures,Home & Kitchen,2871.64,9.0,0.26,19125.12,Credit Card,Unknown,False,Deoghar,Tamil Nadu,830392,True
ORD-10307,Shravya Suri,unnatinadig@example.com,1520356884.0,1961-02-20,63,55+,Female,2024-07-28,2024,7,3,Generate Out-Of-The-Box Synergies,Home & Kitchen,832.97,8.0,0.45,3665.07,Cash on Delivery,Pending,False,Farrukhabad,Gujarat,155924,True
ORD-10308,Sathvik Barad,agatetejas@example.org,22585468.0,1967-02-10,57,55+,Unspecified,2024-05-31,2024,5,2,Evolve Frictionless Functionalities,Home & Kitchen,1307.74,8.0,0.0,10461.92,Credit Card,Pending,True,Sangli-Miraj & Kupwad,Andhra Pradesh,635965,True
ORD-10309,,jagat46@example.com,6198515705.0,1974-03-29,50,45-54,Female,2022-10-04,2022,10,4,Synthesize Compelling Action-Items,Electronics,4719.57,9.0,0.29,30158.05,Cash on Delivery,Shipped,False,Tadipatri,Nagaland,433590,True
ORD-10310,Peter Kade,aachal03@example.com,7984710964.0,1974-01-29,50,45-54,Male,2023-12-30,2023,12,4,Transition End-To-End E-Business,Books,504.93,4.0,0.26,1494.59,Cash on Delivery,Unknown,False,Bhimavaram,Kerala,116255,True
ORD-10311,Rudra Chatterjee,vihaan11@example.net,8252398212.0,1960-11-09,64,55+,Unspecified,2022-07-15,2022,7,3,Strategize Synergistic Metrics,Electronics,1705.23,7.0,0.26,8833.09,Debit Card,Unknown,True,Nandyal,Odisha,549339,True
ORD-10312,Dev Mukherjee,kataekiya@example.net,8289257730.0,1964-05-02,60,55+,Female,2022-01-24,2022,1,1,Disintermediate Frictionless Infrastructures,Electronics,3503.95,7.0,0.26,18150.46,Cash on Delivery,Unknown,False,Barasat,Madhya Pradesh,344714,True
ORD-10313,Finn Murthy,jbatra@example.org,8118690083.0,1991-02-01,33,25-34,Other,2023-08-17,2023,8,3,Grow Strategic E-Commerce,Electronics,1349.66,7.0,0.07,8786.29,Credit Card,Returned,False,Bulandshahr,Jharkhand,384301,True
ORD-10314,Lohit Sampath,hdivan@example.net,915846930399.0,1975-04-18,49,45-54,Male,2024-03-20,2024,3,1,Visualize User-Centric E-Commerce,Electronics,2178.83,10.0,0.26,16123.34,Net Banking,Returned,False,Berhampore,Bihar,715773,True
ORD-10315,Chameli Dewan,,916857586011.0,1982-05-05,42,35-44,Female,2023-10-19,2023,10,4,Deploy Vertical Metrics,Books,4023.84,8.0,0.26,23821.13,Debit Card,Shipped,False,Tadepalligudem,Chhattisgarh,817203,True
ORD-10316,Chasmum Mitra,munshiavi@example.org,917486436198.0,2004-09-24,20,18-24,Male,2022-06-25,2022,6,2,Monetize Bricks-And-Clicks Web-Readiness,Sports,1474.04,2.0,0.24,2240.54,UPI,Shipped,False,New Delhi,Goa,824902,True
ORD-10317,Arin Saha,jyoti63@example.com,1832608306.0,1960-11-23,64,55+,Other,2023-02-22,2023,2,1,Seize Bricks-And-Clicks Infrastructures,Books,1914.2,9.0,0.26,12748.57,Credit Card,Delivered,False,Kulti,Tripura,828784,True
ORD-10318,Warinder Ravel,bandimeghana@example.com,,1984-12-19,40,35-44,Other,2023-07-10,2023,7,3,Whiteboard Back-End Solutions,Clothing,4568.7,2.0,0.26,6761.68,Net Banking,Shipped,True,Bilaspur,Tamil Nadu,437527,True
ORD-10319,Prisha Nori,janujaprakash@example.net,913942230670.0,1979-04-25,45,45-54,Male,2022-07-23,2022,7,3,Engineer Plug-And-Play Metrics,Home & Kitchen,2825.4,1.0,0.26,2090.8,UPI,Returned,False,Naihati,Maharashtra,804512,True
ORD-10320,Vedika Aurora,dugalurvi@example.com,2563514936.0,1980-08-16,44,35-44,Female,2022-02-07,2022,2,1,Synthesize Intuitive Info-Mediaries,Clothing,3147.67,1.0,0.47,1668.27,Debit Card,Shipped,False,Kottayam,Uttarakhand,980940,True
ORD-10321,Osha Keer,chaturanadig@example.net,9811685561.0,1980-10-25,44,35-44,Other,2022-10-09,2022,10,4,Iterate Granular Portals,Books,1239.79,5.0,0.16,5207.12,Cash on Delivery,Shipped,False,Uluberia,West Bengal,2429,True
ORD-10322,Zashil Memon,khayre@example.org,8377934294.0,1975-10-19,49,45-54,Male,2023-02-19,2023,2,1,Engineer 24/7 Action-Items,Books,4880.1,10.0,0.26,36112.74,Cash on Delivery,Unknown,True,Tinsukia,Tamil Nadu,626564,True
ORD-10323,Chandresh Mann,urvashikrishnan@example.net,,1970-07-05,54,45-54,Female,2023-01-13,2023,1,1,Aggregate Innovative Deliverables,Home & Kitchen,1551.57,5.0,0.09,7059.64,Credit Card,Shipped,True,,Jharkhand,74002,True
ORD-10324,Ojasvi Wadhwa,bhanumati65@example.net,,1969-04-27,55,55+,Male,2023-07-01,2023,7,3,Aggregate User-Centric Markets,Books,713.73,8.0,0.19,4624.97,Net Banking,Returned,False,Jalgaon,Uttar Pradesh,161121,True
ORD-10325,Imaran Kaur,jananipal@example.org,,1966-06-30,58,55+,Male,2023-01-31,2023,1,1,Redefine User-Centric Methodologies,Home & Kitchen,3373.13,4.0,0.26,9984.46,Cash on Delivery,Cancelled,True,Madurai,Madhya Pradesh,565164,True
ORD-10326,Umang Goyal,raygabriel@example.com,8099940309.0,1986-06-29,38,35-44,Female,2024-07-26,2024,7,3,Transition Visionary Functionalities,Books,3076.95,10.0,0.26,22769.43,Credit Card,Cancelled,False,Sultan Pur Majra,Nagaland,556094,True
ORD-10327,Rohan Jhaveri,prabhuwidisha@example.com,2692404488.0,1965-02-10,59,55+,Female,2022-03-28,2022,3,1,Seize Back-End Vortals,Home & Kitchen,3171.71,5.0,0.44,8880.79,UPI,Returned,True,Pali,Karnataka,398997,True
ORD-10328,Samaksh Talwar,pathaksanaya@example.org,9103315985.0,1990-04-22,34,25-34,Female,2022-04-22,2022,4,2,Mesh Cross-Media Applications,Electronics,2947.97,9.0,0.21,20960.07,Cash on Delivery,Delivered,True,Berhampur,Uttarakhand,6512,True
ORD-10329,Tanish Vora,cbhat@example.net,911633872368.0,1969-01-13,56,55+,Other,2023-02-18,2023,2,1,E-Enable Impactful Web Services,Sports,3679.65,8.0,0.26,21783.53,Net Banking,Unknown,True,Tiruppur,Gujarat,286288,True
ORD-10330,Benjamin Prabhakar,,7026404654.0,1995-02-23,29,25-34,Female,2022-11-24,2022,11,4,Unleash Proactive Models,Books,4320.23,3.0,0.26,9590.91,Net Banking,Pending,False,Tirunelveli,Gujarat,959203,True
ORD-10331,Sai Kale,karansathe@example.net,911703607607.0,2000-09-20,24,18-24,Male,2024-07-02,2024,7,3,Deploy Proactive Web Services,Electronics,1302.9,8.0,0.0,10423.2,Cash on Delivery,Shipped,False,Kota,Uttar Pradesh,452752,True
ORD-10332,Zashil Boase,chaudryedhitha@example.net,9783712780.0,2005-11-20,19,18-24,Male,2024-09-01,2024,9,3,Benchmark Bricks-And-Clicks Initiatives,Home & Kitchen,3161.75,4.0,0.26,9358.78,Credit Card,Delivered,True,Fatehpur,Kerala,79606,True
ORD-10333,Radhika Banik,ayushmandalal@example.org,2404613294.0,1966-09-01,58,55+,Male,2022-10-25,2022,10,4,Morph Back-End E-Markets,Electronics,4968.99,5.0,0.35,16149.22,Cash on Delivery,Cancelled,False,Tenali,Sikkim,991123,True
ORD-10334,Jagvi Sarna,mayapanchal@example.net,3672705600.0,2003-06-18,21,18-24,Female,2024-07-21,2024,7,3,Iterate Cross-Platform Supply-Chains,Home & Kitchen,3804.29,2.0,0.07,7075.98,UPI,Pending,True,Adoni,Himachal Pradesh,582939,True
ORD-10335,Garima Rattan,tsathe@example.org,408467946.0,1997-01-25,27,25-34,Other,2023-03-06,2023,3,1,Enable Strategic Web Services,Home & Kitchen,2444.13,5.0,0.42,7087.98,UPI,Cancelled,True,Bijapur,Maharashtra,237708,True
ORD-10336,Arin Sachdev,pmagar@example.com,5271042698.0,1987-01-30,37,35-44,Female,2023-12-26,2023,12,4,Deploy Frictionless Platforms,Home & Kitchen,4424.14,5.0,0.0,22120.7,Credit Card,Returned,True,Hosur,Maharashtra,128227,True
ORD-10337,Edhitha Divan,chadjanani@example.org,915890254968.0,1985-04-05,39,35-44,Other,2023-03-01,2023,3,1,Integrate One-To-One Info-Mediaries,Clothing,1045.88,2.0,0.25,1568.82,UPI,Delivered,True,Agra,Uttarakhand,360947,True
ORD-10338,Peter Natarajan,vedant07@example.net,,1963-06-12,61,55+,Male,2023-12-01,2023,12,4,Harness Impactful Paradigms,Clothing,1722.79,8.0,0.32,9371.98,Cash on Delivery,Shipped,False,Purnia,Tripura,216465,True
ORD-10339,Devika Iyer,nathanielkant@example.org,918705899945.0,1988-12-16,36,35-44,Female,2023-11-18,2023,11,4,Morph End-To-End E-Markets,Clothing,3407.08,1.0,0.34,2248.67,UPI,Delivered,True,Thoothukudi,Goa,359868,True
ORD-10340,Bhavini Sehgal,cmohanty@example.org,919984632570.0,1983-10-12,41,35-44,Female,2022-03-05,2022,3,1,Visualize Visionary Portals,Books,2996.2,5.0,0.26,11085.94,Cash on Delivery,Unknown,False,Mau,Chhattisgarh,3038,True
ORD-10341,Vedika Thakkar,esachar@example.org,4390406581.0,1994-02-05,30,25-34,Male,2023-05-02,2023,5,2,Leverage World-Class Models,Electronics,3935.47,2.0,0.01,7792.23,Cash on Delivery,Cancelled,True,Giridih,Uttar Pradesh,375414,True
ORD-10342,Amara Luthra,kkeer@example.com,855569007.0,1971-07-05,53,45-54,Female,2024-09-17,2024,9,3,Visualize Cutting-Edge Content,Books,1065.68,7.0,0.26,5520.22,Credit Card,Pending,False,Nagaon,Arunachal Pradesh,497240,True
ORD-10343,Tara Yogi,,3640149757.0,1985-11-28,39,35-44,Other,2022-06-28,2022,6,2,Engineer 24/365 Synergies,Books,2908.92,4.0,0.1,10472.11,UPI,Cancelled,False,Sonipat,Meghalaya,405444,True
ORD-10344,Upma Amble,sameshsur@example.net,,1998-01-25,26,25-34,Female,2022-08-29,2022,8,3,Implement B2B Functionalities,Home & Kitchen,1072.56,6.0,0.47,3410.74,UPI,Cancelled,True,Khandwa,Arunachal Pradesh,419376,True
ORD-10345,Isha Parmar,modydaksh@example.org,,2007-01-22,17,18-24,Other,2023-09-30,2023,9,3,Strategize One-To-One Action-Items,Electronics,316.31,3.0,0.26,702.21,Cash on Delivery,Cancelled,True,Gangtok,Mizoram,480804,True
ORD-10346,Farhan Lalla,yamini11@example.net,7476215631.0,1994-05-11,30,25-34,Male,2023-02-10,2023,2,1,Architect Value-Added Mindshare,Electronics,4602.46,8.0,0.32,25037.38,Cash on Delivery,Returned,False,Bhatpara,Odisha,672181,True
ORD-10347,Jeremiah Wable,valaomaja@example.com,8939664574.0,1974-06-29,50,45-54,Other,2022-10-22,2022,10,4,Re-Contextualize Value-Added Web Services,Clothing,4417.9,1.0,0.26,3269.25,Credit Card,Pending,False,Bihar Sharif,Sikkim,660200,True
ORD-10348,Eiravati Kade,bhasinchavvi@example.org,5313733102.0,1963-09-11,61,55+,Male,2022-12-16,2022,12,4,Grow Synergistic Convergence,Home & Kitchen,3993.95,2.0,0.27,5831.17,Net Banking,Cancelled,True,Ichalkaranji,Madhya Pradesh,194870,True
ORD-10349,Udarsh Hora,mmunshi@example.com,7367760134.0,2000-11-10,24,18-24,Other,2023-05-15,2023,5,2,Orchestrate Proactive Methodologies,Books,4902.02,6.0,0.12,25882.67,Credit Card,Unknown,True,Nandyal,Karnataka,448915,True
ORD-10350,Vidhi Mital,balvan34@example.net,913048524408.0,1987-05-15,37,35-44,Female,2024-09-23,2024,9,3,Enhance Web-Enabled Convergence,Electronics,2058.68,10.0,0.19,16675.31,Cash on Delivery,Unknown,True,Ahmednagar,West Bengal,119352,True
ORD-10351,Shivani Iyengar,jpatla@example.org,5833397560.0,1976-11-27,48,45-54,Male,2023-03-22,2023,3,1,Matrix Front-End Schemas,Sports,788.62,7.0,0.22,4305.87,Debit Card,Unknown,True,Bhavnagar,Goa,278238,True
ORD-10352,Dipta Balay,siddharthvenkatesh@example.org,911692328985.0,1978-08-10,46,45-54,Female,2023-09-16,2023,9,3,Transform Compelling Systems,Electronics,2576.6,5.0,0.26,9533.42,Cash on Delivery,Delivered,True,,Rajasthan,296782,True
ORD-10353,Nisha Mitter,mchoudhary@example.org,5277273076.0,1993-05-28,31,25-34,Other,2024-01-06,2024,1,1,Architect Leading-Edge Initiatives,Books,1624.73,7.0,0.11,10122.07,Credit Card,Returned,True,Anantapur,Maharashtra,218585,True
ORD-10354,Yashodhara Hari,keyajoshi@example.org,5823301589.0,1996-03-11,28,25-34,Other,2024-02-27,2024,2,1,Transition 24/365 E-Commerce,Electronics,405.14,8.0,0.49,1652.97,Credit Card,Delivered,False,Rampur,Uttarakhand,940682,True
ORD-10355,Bachittar Menon,badamimitesh@example.org,9963185372.0,1992-07-11,32,25-34,Female,2024-05-01,2024,5,2,Integrate Turn-Key Communities,Electronics,2149.42,7.0,0.09,13691.81,Cash on Delivery,Delivered,False,Hubli–Dharwad,Bihar,683545,True
ORD-10356,Anay Sahni,uchaudry@example.net,915291166388.0,1992-02-18,32,25-34,Male,2023-04-30,2023,4,2,Brand Strategic Schemas,Books,1874.46,2.0,0.37,2361.82,UPI,Returned,True,Kulti,Sikkim,355333,True
ORD-10357,Indira Ahuja,jacksonthakur@example.com,9365418323.0,2004-02-22,20,18-24,Male,2022-07-01,2022,7,3,Target Innovative E-Services,Books,4000.59,1.0,0.27,2920.43,Credit Card,Returned,False,Bokaro,Rajasthan,935522,True
ORD-10358,Indali Setty,alexandermall@example.com,5422966905.0,2001-02-11,23,18-24,Male,2023-11-10,2023,11,4,Embrace Seamless Deliverables,Electronics,3008.3,10.0,0.31,20757.27,Cash on Delivery,Shipped,False,Machilipatnam,Tripura,500805,True
ORD-10359,Nitara Jhaveri,janyaborra@example.com,7874709794.0,1977-11-12,47,45-54,Unspecified,2023-08-21,2023,8,3,Deploy Intuitive Portals,Clothing,3098.2,5.0,0.26,11463.34,Credit Card,Cancelled,True,Kharagpur,Rajasthan,315400,True
ORD-10360,Nidhi Barad,radhamukhopadhyay@example.net,7777323297.0,2007-05-26,17,18-24,Male,2022-11-06,2022,11,4,Orchestrate 24/7 Applications,Home & Kitchen,2660.57,2.0,0.3,3724.8,Credit Card,Returned,False,Latur,Tamil Nadu,47838,True
ORD-10361,Shivani Karan,ranafalak@example.org,1632097234.0,1996-10-20,28,25-34,Female,2024-02-24,2024,2,1,Productize Best-Of-Breed Systems,Books,318.91,2.0,0.26,471.99,Cash on Delivery,Returned,False,Jalna,Haryana,826585,True
ORD-10362,Avni Kala,upandit@example.net,1841829352.0,2005-10-20,19,18-24,Male,2024-12-26,2024,12,4,Envisioneer B2C Experiences,Home & Kitchen,108.72,8.0,0.16,730.6,Cash on Delivery,Unknown,True,Gandhinagar,Nagaland,240726,True
ORD-10363,Nathan Acharya,isaacmagar@example.net,911949280391.0,1988-12-22,36,35-44,Male,2024-12-24,2024,12,4,Engineer B2C Deliverables,Clothing,4021.47,10.0,0.39,24530.97,Debit Card,Unknown,False,Motihari,Gujarat,767459,True
ORD-10364,Prisha Murthy,madhav56@example.com,894967606.0,1996-10-17,28,25-34,Male,2023-02-04,2023,2,1,Utilize Turn-Key E-Commerce,Books,1.0,2.0,0.34,1.32,UPI,Shipped,True,Giridih,Odisha,534311,True
ORD-10365,Aishani Kuruvilla,bhavika54@example.net,865730058.0,1991-08-13,33,25-34,Other,2023-01-31,2023,1,1,Brand Global E-Tailers,Sports,3016.96,2.0,0.26,4465.1,Cash on Delivery,Shipped,False,Gaya,Goa,650726,True
ORD-10366,Bishakha Solanki,auroraarjun@example.org,3936724689.0,1998-12-08,26,25-34,Male,2023-01-14,2023,1,1,Enable Killer Models,Books,4976.47,6.0,0.39,18213.88,UPI,Delivered,True,Ambattur,Bihar,150339,True
ORD-10367,Ekaraj Iyer,jason16@example.org,910073678693.0,1997-09-28,27,25-34,Female,2022-05-04,2022,5,2,Seize B2B Convergence,Clothing,933.29,3.0,0.22,2183.9,Cash on Delivery,Unknown,False,Siwan,Chhattisgarh,214338,True
ORD-10368,Manthan Sarin,ijayadalal@example.net,914248648880.0,1974-07-02,50,45-54,Unspecified,2023-06-15,2023,6,2,Aggregate One-To-One Mindshare,Home & Kitchen,2513.62,1.0,0.33,1684.13,UPI,Shipped,False,Suryapet,Assam,354697,True
ORD-10369,Jasmit Natt,libnisinha@example.org,4838165813.0,1967-06-26,57,55+,Unspecified,2022-01-08,2022,1,1,Enable Back-End Experiences,Sports,1167.94,8.0,0.27,6820.77,UPI,Pending,False,Bokaro,Tamil Nadu,829778,True
ORD-10370,Omya Bhakta,chans@example.net,7813598848.0,1970-08-19,54,45-54,Female,2022-04-24,2022,4,2,Utilize Killer Metrics,Sports,3256.57,1.0,0.33,2181.9,UPI,Unknown,True,Vellore,Jharkhand,192730,True
ORD-10371,Kavya Kalla,orege@example.org,911317450739.0,1969-05-26,55,55+,Male,2024-01-06,2024,1,1,Orchestrate Holistic Content,Electronics,3612.71,8.0,0.4,17341.01,UPI,Returned,False,Imphal,Arunachal Pradesh,402769,True
ORD-10372,Ishwar Munshi,asangha@example.net,525071568.0,2004-11-18,20,18-24,Male,2024-07-09,2024,7,3,Harness Proactive Roi,Home & Kitchen,4045.16,8.0,0.44,18122.32,Cash on Delivery,Shipped,False,Bellary,Haryana,718983,True
ORD-10373,Chandresh Morar,jagdish86@example.com,,1969-08-12,55,55+,Female,2022-05-28,2022,5,2,Matrix Web-Enabled E-Commerce,Electronics,3261.49,1.0,0.41,1924.28,Credit Card,Returned,False,Pali,Gujarat,586167,True
ORD-10374,Forum Divan,anikavora@example.org,6660429674.0,1973-03-01,51,45-54,Male,2022-05-11,2022,5,2,Incentivize Mission-Critical E-Services,Sports,1719.85,7.0,0.26,8908.82,Cash on Delivery,Cancelled,False,South Dumdum,Jharkhand,137893,True
ORD-10375,Bhavna Srivastava,ikade@example.com,9240124671.0,2002-05-12,22,18-24,Male,2023-03-13,2023,3,1,Integrate Back-End Experiences,Sports,3496.66,8.0,0.29,19861.03,Credit Card,Delivered,False,Serampore,Arunachal Pradesh,864090,True
ORD-10376,,dugarojas@example.net,,1967-04-29,57,55+,Male,2024-02-10,2024,2,1,Productize Synergistic Functionalities,Electronics,2988.97,8.0,0.1,21520.58,UPI,Cancelled,False,Amravati,Chhattisgarh,684826,True
ORD-10377,Ekta Chakraborty,zbaria@example.com,5171749477.0,1978-09-03,46,45-54,Male,2022-12-24,2022,12,4,Syndicate Wireless Bandwidth,Books,1540.94,9.0,0.06,13036.35,Cash on Delivery,Delivered,False,Tirunelveli,Manipur,305623,True
ORD-10378,Vidhi Tandon,advay75@example.com,919735934680.0,1977-04-07,47,45-54,Male,2024-11-05,2024,11,4,Reinvent Virtual E-Services,Clothing,788.63,8.0,0.08,5804.32,Credit Card,Delivered,True,Chittoor,Bihar,684881,True
ORD-10379,Yashvi Patla,henry50@example.com,4117775635.0,1984-02-16,40,35-44,Female,2023-03-06,2023,3,1,Innovate E-Business Web-Readiness,Electronics,309.66,3.0,0.24,706.02,Credit Card,Delivered,False,Yamunanagar,Arunachal Pradesh,517982,True
ORD-10380,Indira Tank,bishakhasaha@example.net,6282615386.0,2000-05-11,24,18-24,Male,2024-06-29,2024,6,2,Revolutionize Dynamic Initiatives,Sports,1177.52,7.0,0.19,6676.54,Debit Card,Delivered,False,Kochi,Manipur,83864,True
ORD-10381,Charan Sanghvi,chadhawilliam@example.net,7387970033.0,2002-03-18,22,18-24,Female,2022-04-22,2022,4,2,Deploy Virtual Technologies,Clothing,3613.12,5.0,0.06,16981.66,Cash on Delivery,Delivered,True,Nashik,Arunachal Pradesh,685197,True
ORD-10382,Elijah Bhardwaj,nkunda@example.net,913964039501.0,1992-03-18,32,25-34,Male,2024-08-11,2024,8,3,Optimize Integrated Vortals,Books,3983.1,3.0,0.28,8603.5,Debit Card,Delivered,True,Srikakulam,Nagaland,616909,True
ORD-10383,Karan Nadkarni,george10@example.com,7120943344.0,1969-07-12,55,55+,Other,2024-09-28,2024,9,3,Synergize Open-Source Niches,Home & Kitchen,1270.94,10.0,0.46,6863.08,Credit Card,Cancelled,False,Ichalkaranji,Jharkhand,245546,True
ORD-10384,Nikita Madan,sacharmanan@example.com,1617942316.0,1986-01-12,38,35-44,Female,2022-04-01,2022,4,2,Utilize User-Centric Eyeballs,Home & Kitchen,4058.1,2.0,0.12,7142.26,Cash on Delivery,Delivered,False,Ichalkaranji,Gujarat,524689,True
ORD-10385,Vedika Balakrishnan,kkarnik@example.net,913240527992.0,2000-04-23,24,18-24,Male,2023-03-23,2023,3,1,Engineer Global E-Business,Home & Kitchen,850.92,10.0,0.01,8424.11,Cash on Delivery,Returned,False,Ambala,Manipur,951892,True
ORD-10386,Akshay Varty,wnazareth@example.org,5302288296.0,1986-08-21,38,35-44,Other,2024-04-10,2024,4,2,Expedite Best-Of-Breed E-Business,Electronics,399.96,6.0,0.15,2039.8,UPI,Unknown,True,Hindupur,Tamil Nadu,290990,True
ORD-10387,Yoshita Kapur,priyaray@example.net,3784856382.0,1999-07-21,25,25-34,Female,2023-03-01,2023,3,1,Facilitate Collaborative Channels,Books,305.23,8.0,0.18,2002.31,Credit Card,Unknown,True,Bettiah,Himachal Pradesh,687878,True
ORD-10388,Daksha Manne,tailoryash@example.org,911374854600.0,1963-04-03,61,55+,Female,2023-02-24,2023,2,1,Revolutionize Interactive Relationships,Books,2921.59,4.0,0.38,7245.54,UPI,Pending,True,Ratlam,Chhattisgarh,210394,True
ORD-10389,Barkha Keer,nandinivyas@example.net,916999137431.0,1988-08-19,36,35-44,Female,2024-05-16,2024,5,2,Revolutionize Magnetic Methodologies,Home & Kitchen,2377.31,9.0,0.23,16474.76,UPI,Unknown,False,Dehradun,Chhattisgarh,955277,True
ORD-10390,Balhaar Loke,lankafitan@example.com,915296727481.0,1982-08-24,42,35-44,Male,2022-05-15,2022,5,2,Envisioneer World-Class Systems,Clothing,430.89,2.0,0.25,646.34,Debit Card,Cancelled,True,Anand,Arunachal Pradesh,609958,True
ORD-10391,Rishi Wali,kprashad@example.org,916394772122.0,1983-06-22,41,35-44,Female,2023-08-24,2023,8,3,Synthesize End-To-End Web-Readiness,Home & Kitchen,3241.19,2.0,0.26,4796.96,Debit Card,Cancelled,False,Thanjavur,Nagaland,326127,True
ORD-10392,Daniel Sinha,singhaladya@example.org,4980863133.0,1965-08-20,59,55+,Female,2023-12-04,2023,12,4,Utilize Cutting-Edge Content,Home & Kitchen,2857.9,5.0,0.13,12431.86,Cash on Delivery,Pending,False,Jamalpur,Manipur,913341,True
ORD-10393,Saumya Roy,ksoni@example.net,918716732256.0,1971-04-18,53,45-54,Male,2022-04-07,2022,4,2,Optimize Collaborative Initiatives,Books,952.29,3.0,0.06,2685.46,UPI,Cancelled,True,Agartala,Assam,69931,True
ORD-10394,Upma Loke,darpan45@example.net,595888902.0,1971-03-16,53,45-54,Female,2024-01-28,2024,1,1,Implement Seamless Bandwidth,Electronics,2722.34,5.0,0.01,13475.58,Cash on Delivery,Shipped,True,Hosur,Rajasthan,176646,True
ORD-10395,Zaitra Yohannan,geetika90@example.com,919191659730.0,1971-10-24,53,45-54,Other,2022-11-16,2022,11,4,Enable Virtual Web Services,Books,4485.09,10.0,0.4,26910.54,Cash on Delivery,Pending,False,Giridih,Meghalaya,408414,True
ORD-10396,Azad Dasgupta,wahab70@example.net,914457276941.0,1995-11-22,29,25-34,Female,2024-09-07,2024,9,3,Mesh Next-Generation Bandwidth,Books,2257.56,1.0,0.1,2031.8,Cash on Delivery,Shipped,False,Solapur,Mizoram,660554,True
ORD-10397,Advik Thakur,xsankar@example.org,1661262065.0,2003-04-19,21,18-24,Other,2023-07-24,2023,7,3,Transform Dot-Com Bandwidth,Electronics,2002.4,10.0,0.47,10612.72,UPI,Returned,False,Tinsukia,West Bengal,426869,True
ORD-10398,Henry Bumb,,7151103268.0,1966-10-10,58,55+,Male,2024-05-25,2024,5,2,Implement Wireless Convergence,Home & Kitchen,483.61,8.0,0.21,3056.42,Cash on Delivery,Pending,False,Anand,Goa,331815,True
ORD-10399,Lipika Raja,sridharkai@example.net,6530307008.0,1971-02-14,53,45-54,Male,2024-05-18,2024,5,2,Incubate Interactive Technologies,Clothing,4344.25,2.0,0.3,6081.95,Net Banking,Delivered,False,,Goa,608610,True
ORD-10400,Manya Mistry,cbhandari@example.org,4278565732.0,1974-05-25,50,45-54,Male,2023-07-14,2023,7,3,Transition Value-Added Supply-Chains,Clothing,1939.76,1.0,0.15,1648.8,Cash on Delivery,Pending,False,Gopalpur,Telangana,614747,True
ORD-10401,Rachana Sen,,6194896354.0,1998-11-08,26,25-34,Other,2024-08-07,2024,8,3,Enable Granular Roi,Sports,664.68,5.0,0.26,2459.32,Debit Card,Delivered,True,Fatehpur,Gujarat,252169,True
ORD-10402,Daksh Jhaveri,theodorenarula@example.net,6598418668.0,1978-06-01,46,45-54,Female,2024-10-06,2024,10,4,Revolutionize Frictionless Partnerships,Sports,3445.27,2.0,0.37,4341.04,Credit Card,Pending,True,Jalandhar,Himachal Pradesh,313024,True
ORD-10403,Madhavi Ravi,gopalbumb@example.org,911623833519.0,1969-07-25,55,55+,Male,2022-10-27,2022,10,4,Monetize Innovative Relationships,Clothing,3199.42,1.0,0.26,2367.57,Credit Card,Cancelled,False,Hajipur,Rajasthan,6459,True
ORD-10404,Andrew Narayanan,udyati53@example.net,9670814212.0,1989-11-08,35,35-44,Female,2023-01-11,2023,1,1,Incentivize Plug-And-Play Roi,Sports,4009.39,6.0,0.26,17801.69,Cash on Delivery,Pending,True,Jorhat,Chhattisgarh,131624,True
ORD-10405,Jagat Sinha,harita99@example.com,915061480151.0,1987-01-17,37,35-44,Male,2022-10-08,2022,10,4,Incubate Ubiquitous E-Commerce,Electronics,2541.75,9.0,0.42,13267.94,Cash on Delivery,Cancelled,False,Navi Mumbai,Manipur,386034,True
ORD-10406,Faris Kakar,aarnasen@example.net,886877502.0,1987-05-31,37,35-44,Male,2022-08-22,2022,8,3,Optimize Vertical Channels,Home & Kitchen,3470.7,8.0,0.26,20546.54,UPI,Shipped,True,Surat,Tripura,837582,True
ORD-10407,Meera Gour,ishani56@example.net,9881760277.0,1983-09-14,41,35-44,Male,2022-08-31,2022,8,3,Utilize Rich Applications,Electronics,4906.49,2.0,0.26,7261.61,Cash on Delivery,Returned,True,Bhatpara,Bihar,128516,True
ORD-10408,Zehaan Venkatesh,berachatura@example.org,,2003-07-31,21,18-24,Male,2022-03-09,2022,3,1,Deliver Sticky Convergence,Books,527.69,10.0,0.45,2902.3,Credit Card,Unknown,True,South Dumdum,Andhra Pradesh,15105,True
ORD-10409,Gaurika Mistry,manya97@example.com,5718161330.0,1994-06-20,30,25-34,Female,2022-10-26,2022,10,4,Benchmark 24/365 Web-Readiness,Sports,1247.02,2.0,0.38,1546.3,Cash on Delivery,Shipped,True,Tinsukia,Maharashtra,61056,True
ORD-10410,Ria Dua,manizaid@example.org,914708226990.0,1974-12-28,50,45-54,Female,2022-12-18,2022,12,4,Enable Plug-And-Play E-Tailers,Sports,1863.99,8.0,0.05,14166.32,UPI,Returned,True,Varanasi,Madhya Pradesh,950511,True
ORD-10411,Falak Pal,wgarde@example.org,9968407735.0,2002-05-27,22,18-24,Male,2023-04-12,2023,4,2,Monetize Plug-And-Play Systems,Home & Kitchen,3823.25,9.0,0.04,33032.88,Cash on Delivery,Delivered,False,Bijapur,Maharashtra,602195,True
ORD-10412,Vihaan Rama,zansi99@example.org,6431965673.0,1996-12-20,28,25-34,Female,2023-10-01,2023,10,4,Utilize Innovative Methodologies,Clothing,4479.04,6.0,0.5,13437.12,Cash on Delivery,Unknown,False,Anand,Tamil Nadu,295049,True
ORD-10413,Bahadurjit Sharaf,pillayraksha@example.org,3412691119.0,1998-07-24,26,25-34,Male,2024-12-06,2024,12,4,Monetize Impactful Paradigms,Books,4890.37,4.0,0.3,13693.04,Net Banking,Delivered,False,Fatehpur,Bihar,311799,True
ORD-10414,Harsh Butala,dalaja78@example.net,1610545038.0,2002-11-19,22,18-24,Unspecified,2024-10-19,2024,10,4,Generate Cross-Media E-Business,Sports,4718.96,10.0,0.49,24066.7,Cash on Delivery,Pending,False,Visakhapatnam,Kerala,610115,True
ORD-10415,Alexander Hari,fnayar@example.org,2525944382.0,1988-04-23,36,35-44,Male,2022-08-10,2022,8,3,Repurpose Ubiquitous Experiences,Electronics,311.62,1.0,0.19,252.41,UPI,Shipped,True,Bidar,Manipur,533428,True
ORD-10416,Meera Kumar,harrison38@example.org,8864510715.0,1992-12-08,32,25-34,Female,2022-07-17,2022,7,3,Re-Intermediate E-Business Eyeballs,Clothing,2514.6,9.0,0.26,16747.24,Cash on Delivery,Delivered,True,Parbhani,Rajasthan,620463,True
ORD-10417,Pratyush Rajan,djohal@example.com,4379249328.0,2001-05-09,23,18-24,Female,2024-05-31,2024,5,2,Disintermediate Cross-Media Initiatives,Electronics,2805.5,5.0,0.08,12905.3,Net Banking,Shipped,False,Yamunanagar,Bihar,493310,True
ORD-10418,Akshay Sunder,harshilbora@example.org,6637006045.0,1966-12-20,58,55+,Female,2024-09-25,2024,9,3,Iterate Efficient Convergence,Books,2833.16,1.0,0.25,2124.87,Net Banking,Cancelled,False,Karaikudi,Telangana,36951,True
ORD-10419,Aarnav Kapadia,rishi92@example.org,1636909540.0,1998-09-27,26,25-34,Female,2023-08-06,2023,8,3,Target Transparent Markets,Clothing,2940.64,6.0,0.21,13938.63,UPI,Returned,False,Kishanganj,Gujarat,688387,True
ORD-10420,Nathan Radhakrishnan,udarsh11@example.com,2363305001.0,1966-04-19,58,55+,Other,2023-05-16,2023,5,2,Disintermediate Virtual Synergies,Electronics,616.63,9.0,0.23,4273.25,Net Banking,Cancelled,False,Dharmavaram,Maharashtra,583430,True
ORD-10421,Tarak Kapadia,sachilall@example.com,913789759264.0,1988-01-13,36,35-44,Female,2023-07-01,2023,7,3,Aggregate Robust Content,Books,2884.07,2.0,0.1,5191.33,Cash on Delivery,Cancelled,False,Raebareli,Mizoram,171039,True
ORD-10422,Lucky Bhakta,unnati55@example.com,5201625239.0,1967-06-25,57,55+,Female,2023-11-27,2023,11,4,Matrix B2B Markets,Books,3946.39,9.0,0.13,30900.23,UPI,Cancelled,False,Udupi,Odisha,486847,True
ORD-10423,Kavya Dugar,chokshimeghana@example.net,1028185894.0,1993-03-10,31,25-34,Female,2022-07-08,2022,7,3,Matrix Extensible Mindshare,Home & Kitchen,1769.22,5.0,0.15,7519.18,Cash on Delivery,Pending,False,Deoghar,Chhattisgarh,84850,True
ORD-10424,Indira Batra,llal@example.com,4714164924.0,1974-03-20,50,45-54,Other,2023-05-30,2023,5,2,Disintermediate Strategic Schemas,Books,973.37,8.0,0.32,5295.13,Cash on Delivery,Returned,False,Anantapuram,Kerala,527996,True
ORD-10425,Ladli Ram,agastya48@example.net,3641688067.0,1960-09-16,64,55+,Other,2022-05-03,2022,5,2,Cultivate Global Systems,Sports,2205.17,2.0,0.42,2558.0,UPI,Pending,True,Chandrapur,Haryana,501993,True
ORD-10426,Jhalak Prabhu,parmartripti@example.org,,1992-08-06,32,25-34,Unspecified,2023-04-29,2023,4,2,Brand Killer Architectures,Sports,2452.64,7.0,0.02,16825.11,Credit Card,Pending,True,Bhavnagar,Goa,628686,True
ORD-10427,Garima Tripathi,,1889652014.0,1961-09-20,63,55+,Unspecified,2023-07-23,2023,7,3,Streamline Rich Methodologies,Electronics,4487.7,5.0,0.45,12341.18,Net Banking,Pending,True,Hubli–Dharwad,Karnataka,222677,True
ORD-10428,George Memon,lajita40@example.org,913679720160.0,1998-08-07,26,25-34,Male,2024-03-23,2024,3,1,Enhance One-To-One E-Services,Home & Kitchen,2923.08,9.0,0.44,14732.32,Debit Card,Cancelled,False,Davanagere,West Bengal,908559,True
ORD-10429,Fitan Agarwal,omya07@example.net,9467393179.0,1970-09-06,54,45-54,Other,2023-10-04,2023,10,4,Deliver Granular Relationships,Clothing,1129.14,4.0,0.22,3522.92,UPI,Cancelled,True,Aurangabad,Telangana,607823,True
ORD-10430,Harish Narula,liam22@example.com,912305078941.0,1966-12-04,58,55+,Male,2024-02-07,2024,2,1,Exploit Rich Channels,Sports,1846.84,5.0,0.26,6833.31,Cash on Delivery,Delivered,False,Noida,Uttar Pradesh,933976,True
ORD-10431,Ishani Kuruvilla,rudra00@example.com,6388053578.0,1984-10-20,40,35-44,Other,2022-04-22,2022,4,2,Innovate Dot-Com Infrastructures,Clothing,3441.98,4.0,0.19,11152.02,Net Banking,Pending,False,Kochi,West Bengal,849919,True
ORD-10432,Caleb Basak,kevin88@example.org,9255698891.0,1967-09-13,57,55+,Other,2023-04-28,2023,4,2,Integrate Robust Roi,Clothing,3845.37,1.0,0.04,3691.56,Cash on Delivery,Returned,False,Mirzapur,Haryana,376080,True
ORD-10433,Ayushman Chandran,ikshitaprabhakar@example.net,4924421182.0,2003-11-07,21,18-24,Other,2023-11-13,2023,11,4,Visualize 24/7 Solutions,Clothing,1791.69,9.0,0.23,12416.41,Credit Card,Delivered,False,Korba,West Bengal,205737,True
ORD-10434,,christopher14@example.com,5388947452.0,1965-05-07,59,55+,Female,2024-06-27,2024,6,2,Morph 24/7 Applications,Electronics,1285.54,3.0,0.26,2853.9,Cash on Delivery,Unknown,False,Bhatpara,Goa,469200,True
ORD-10435,Saanvi Sandal,fdugar@example.com,2289567592.0,2006-08-05,18,18-24,Male,2022-10-01,2022,10,4,Exploit B2C E-Business,Clothing,1869.62,7.0,0.44,7328.91,Debit Card,Delivered,True,Ichalkaranji,Arunachal Pradesh,83525,True
ORD-10436,Jairaj Vala,guptakaran@example.net,3620692238.0,2005-09-19,19,18-24,Male,2023-04-14,2023,4,2,Empower Seamless Channels,Electronics,2173.07,2.0,0.09,3954.99,Cash on Delivery,Delivered,True,,Nagaland,655638,True
ORD-10437,Krisha Bhakta,csundaram@example.net,1742810606.0,1965-12-26,59,55+,Male,2024-06-10,2024,6,2,Innovate Magnetic Eyeballs,Clothing,4076.39,8.0,0.22,25436.67,Debit Card,Cancelled,False,Gandhidham,Chhattisgarh,32914,True
ORD-10438,Ayaan Ravi,rswaminathan@example.com,8063777065.0,1968-01-21,56,55+,Male,2023-08-03,2023,8,3,Embrace Innovative Roi,Clothing,2282.33,10.0,0.23,17573.94,Credit Card,Returned,True,Mathura,Arunachal Pradesh,303149,True
ORD-10439,Nimrat Pandey,girindra33@example.com,7572163482.0,1996-09-02,28,25-34,Male,2024-03-25,2024,3,1,Revolutionize Intuitive Metrics,Electronics,340.82,4.0,0.18,1117.89,Cash on Delivery,Unknown,True,Malda,Arunachal Pradesh,610989,True
ORD-10440,Abhimanyu Minhas,jaimaharaj@example.com,5538948289.0,1995-06-16,29,25-34,Female,2022-04-04,2022,4,2,Unleash B2B Content,Books,4841.89,10.0,0.08,44545.39,Cash on Delivery,Pending,False,Pondicherry,Maharashtra,711996,True
ORD-10441,Veda Chokshi,chaturagill@example.com,3536911243.0,2002-12-07,22,18-24,Female,2022-07-03,2022,7,3,Leverage Revolutionary E-Services,Electronics,2521.09,5.0,0.46,6806.94,UPI,Pending,False,Raurkela Industrial Township,Gujarat,610596,True
ORD-10442,Hema Pandya,menonfrado@example.org,4504178644.0,1982-10-01,42,35-44,Female,2023-06-25,2023,6,2,Enable Proactive Solutions,Sports,2800.59,8.0,0.26,16579.49,Credit Card,Delivered,True,Ramagundam,Telangana,686040,True
ORD-10443,Praneel Rau,shukladarika@example.com,912470689098.0,2003-11-26,21,18-24,Female,2024-08-21,2024,8,3,Productize Turn-Key Bandwidth,Electronics,4944.65,8.0,0.42,22943.18,Credit Card,Delivered,False,Coimbatore,Bihar,110864,True
ORD-10444,Gaurav Bakshi,tnayak@example.org,917792842775.0,1998-07-20,26,25-34,Female,2023-08-05,2023,8,3,Unleash Transparent Supply-Chains,Books,2938.56,9.0,0.09,24066.81,Credit Card,Shipped,False,Dhule,Kerala,135571,True
ORD-10445,Chandresh Kohli,vargheseyashawini@example.com,3601450333.0,1979-04-18,45,45-54,Female,2022-07-13,2022,7,3,Extend 24/365 Deliverables,Clothing,4758.54,3.0,0.26,10563.96,Cash on Delivery,Unknown,False,Allahabad,Tamil Nadu,475378,True
ORD-10446,Bhavika Dhar,,2323877660.0,1967-01-14,58,55+,Female,2023-07-06,2023,7,3,Incentivize Cross-Media Models,Clothing,4999.11,10.0,0.43,28494.93,UPI,Pending,False,Kanpur,West Bengal,462911,True
ORD-10447,Eiravati Nagarajan,jagdish16@example.org,911531363279.0,1998-02-04,26,25-34,Unspecified,2022-05-25,2022,5,2,Deliver Impactful Vortals,Sports,151.53,7.0,0.14,912.21,Credit Card,Delivered,False,Muzaffarnagar,Meghalaya,935529,True
ORD-10448,Henry Kar,diptasunder@example.net,320778040.0,2006-01-31,18,18-24,Male,2024-06-04,2024,6,2,Facilitate Transparent Metrics,Sports,1039.36,7.0,0.28,5238.37,Net Banking,Delivered,False,Ujjain,Kerala,599421,True
ORD-10449,Quincy Pall,jasmit62@example.net,,1961-01-08,64,55+,Female,2024-01-25,2024,1,1,Extend Dynamic E-Business,Home & Kitchen,3255.67,8.0,0.32,17710.84,Credit Card,Pending,True,Dhule,Himachal Pradesh,673003,True
ORD-10450,Ayaan Sarin,iyengarirya@example.net,3786357822.0,1965-08-28,59,55+,Male,2024-09-05,2024,9,3,Strategize Bricks-And-Clicks Technologies,Home & Kitchen,2864.25,1.0,0.26,2119.54,Net Banking,Delivered,False,Kamarhati,Meghalaya,993773,True
ORD-10451,Eesha Dyal,champakbalasubramanian@example.org,9537974033.0,1964-08-27,60,55+,Male,2023-06-03,2023,6,2,Extend Value-Added Experiences,Books,938.78,7.0,0.26,4862.88,Net Banking,Unknown,True,Sambalpur,Madhya Pradesh,233881,True
ORD-10452,Shivansh Edwin,upasna26@example.org,8423081930.0,1988-10-10,36,35-44,Unspecified,2024-07-20,2024,7,3,Disintermediate Turn-Key Action-Items,Electronics,437.19,5.0,0.05,2076.65,Cash on Delivery,Delivered,True,,Jharkhand,933931,True
ORD-10453,Kai Sehgal,harinakshibajaj@example.net,919730481955.0,1979-11-26,45,45-54,Other,2022-01-28,2022,1,1,Transform Web-Enabled Info-Mediaries,Books,2459.28,10.0,0.34,16231.25,Net Banking,Pending,False,Jalandhar,Kerala,354395,True
ORD-10454,Teerth Kothari,,917397437592.0,2005-03-25,19,18-24,Male,2022-01-29,2022,1,1,Unleash Bleeding-Edge Action-Items,Clothing,768.51,9.0,0.15,5879.1,Cash on Delivery,Shipped,True,Avadi,Chhattisgarh,968654,True
ORD-10455,Gaurang Saran,urvi55@example.net,9407359799.0,2005-01-19,19,18-24,Female,2022-08-27,2022,8,3,Envisioneer 24/365 Channels,Home & Kitchen,2275.11,5.0,0.42,6597.82,Credit Card,Pending,False,,Meghalaya,41924,True
ORD-10456,Aarini Ratti,nakul04@example.net,910835335723.0,1982-01-18,42,35-44,Female,2024-06-03,2024,6,2,Synthesize Collaborative Deliverables,Clothing,2028.42,10.0,0.45,11156.31,Cash on Delivery,Shipped,True,Gudivada,Tripura,773970,True
ORD-10457,Omaja Sule,inanda@example.org,6577564304.0,1985-12-14,39,35-44,Other,2022-02-08,2022,2,1,Re-Contextualize Revolutionary Infrastructures,Home & Kitchen,628.86,6.0,0.22,2943.06,Credit Card,Pending,False,Imphal,Arunachal Pradesh,64284,True
ORD-10458,Robert Yogi,mkaul@example.org,910439743757.0,1970-08-30,54,45-54,Female,2023-12-06,2023,12,4,Generate Bricks-And-Clicks Models,Books,3590.24,5.0,0.2,14360.96,Net Banking,Unknown,True,Bongaigaon,Mizoram,367266,True
ORD-10459,Praneel Hora,vdhaliwal@example.org,8771454578.0,1991-09-16,33,25-34,Other,2024-08-25,2024,8,3,Deploy Dynamic Technologies,Home & Kitchen,1037.45,2.0,0.47,1099.7,Cash on Delivery,Pending,True,Ramgarh,Manipur,435050,True
ORD-10460,Janya Sethi,abeerprabhakar@example.com,768173817.0,1992-12-09,32,25-34,Male,2022-04-07,2022,4,2,Facilitate Back-End Synergies,Sports,2542.22,6.0,0.31,10524.79,Credit Card,Cancelled,True,Tumkur,Haryana,269973,True
ORD-10461,Triveni Balasubramanian,rnayak@example.org,4902731953.0,1968-08-29,56,55+,Male,2023-11-28,2023,11,4,Innovate Killer Communities,Sports,2601.17,1.0,0.22,2028.91,Cash on Delivery,Delivered,False,Tirunelveli,Himachal Pradesh,398812,True
ORD-10462,Gagan Bhakta,manehemani@example.net,8884257123.0,1991-11-18,33,25-34,Male,2022-07-28,2022,7,3,Evolve Mission-Critical Metrics,Clothing,1496.01,9.0,0.44,7539.89,Credit Card,Unknown,False,Shivpuri,Jharkhand,502893,True
ORD-10463,Rishi Bobal,sureshedhitha@example.net,3973305516.0,1984-01-27,40,35-44,Unspecified,2022-10-10,2022,10,4,Whiteboard Global Supply-Chains,Electronics,4055.27,9.0,0.13,31752.76,Net Banking,Pending,False,Tiruchirappalli,Mizoram,963661,True
ORD-10464,Indali Kapur,semgarima@example.com,915046899470.0,1972-05-05,52,45-54,Female,2022-11-07,2022,11,4,Mesh Leading-Edge Platforms,Home & Kitchen,2604.97,1.0,0.39,1589.03,Cash on Delivery,Delivered,True,Tadipatri,Goa,149623,True
ORD-10465,Forum Kanda,jagdish21@example.org,,1972-12-12,52,45-54,Other,2024-04-02,2024,4,2,Cultivate Transparent Paradigms,Electronics,336.16,9.0,0.21,2390.1,Cash on Delivery,Pending,True,Tirunelveli,Meghalaya,114285,True
ORD-10466,Yoshita Bahri,hiral89@example.com,9475321443.0,2008-03-28,16,18-24,Male,2023-12-06,2023,12,4,Extend Out-Of-The-Box Solutions,Books,3237.2,10.0,0.33,21689.24,UPI,Unknown,False,Narasaraopet,Rajasthan,693013,True
ORD-10467,Sachi Lata,hritikchaudhuri@example.net,914801709265.0,1992-10-26,32,25-34,Other,2023-09-10,2023,9,3,Repurpose Turn-Key Users,Electronics,2726.91,9.0,0.26,18161.22,Credit Card,Delivered,False,,Jharkhand,242595,True
ORD-10468,Aishani Nagarajan,kannanpahal@example.net,7451206369.0,1990-05-24,34,25-34,Female,2023-06-14,2023,6,2,Strategize Ubiquitous Supply-Chains,Electronics,4215.84,9.0,0.02,37183.71,Credit Card,Returned,False,Madhyamgram,Tamil Nadu,573642,True
ORD-10469,Chandresh Baria,ramradha@example.org,7768848788.0,1968-11-16,56,55+,Female,2022-01-11,2022,1,1,Monetize Sticky E-Business,Books,4690.82,10.0,0.15,39871.97,Cash on Delivery,Unknown,False,South Dumdum,Chhattisgarh,688048,True
ORD-10470,Ikshita Khatri,daraurmi@example.org,2528986953.0,1987-04-28,37,35-44,Unspecified,2024-11-30,2024,11,4,Revolutionize Intuitive Systems,Clothing,775.44,7.0,0.26,4016.78,Credit Card,Returned,False,Amaravati,Meghalaya,856665,True
ORD-10471,Umang Baral,jeetsankar@example.org,7112064517.0,1989-04-20,35,35-44,Female,2023-03-16,2023,3,1,Enable Integrated Architectures,Home & Kitchen,4366.47,7.0,0.34,20173.09,Cash on Delivery,Unknown,False,Jalandhar,Arunachal Pradesh,790931,True
ORD-10472,Arin Chaudhary,bosesneha@example.com,919956086478.0,1968-03-04,56,55+,Other,2022-11-30,2022,11,4,Visualize Proactive Experiences,Home & Kitchen,634.39,8.0,0.26,3755.59,Credit Card,Cancelled,True,Sasaram,West Bengal,868184,True
ORD-10473,Krishna Butala,nitara78@example.com,,1982-01-19,42,35-44,Male,2024-04-16,2024,4,2,Aggregate Mission-Critical Vortals,Electronics,4955.55,8.0,0.26,29336.86,Credit Card,Shipped,False,Ambattur,Meghalaya,864914,True
ORD-10474,Anjali Solanki,ipant@example.org,919683556386.0,2000-06-13,24,18-24,Female,2022-04-10,2022,4,2,Revolutionize Enterprise E-Services,Electronics,1775.81,7.0,0.15,10566.07,Cash on Delivery,Pending,False,Vijayanagaram,Telangana,936683,True
ORD-10475,Liam Rao,gauravtak@example.org,915977853970.0,1965-02-19,59,55+,Female,2022-09-29,2022,9,3,Drive Magnetic Paradigms,Electronics,1659.82,10.0,0.12,14606.42,Net Banking,Pending,False,Jehanabad,Sikkim,896929,True
ORD-10476,Farhan Dugar,xiti52@example.org,8918802605.0,1973-03-24,51,45-54,Female,2024-06-26,2024,6,2,Grow Holistic Info-Mediaries,Books,3551.62,2.0,0.04,6819.11,Cash on Delivery,Cancelled,True,Hospet,Bihar,181330,True
ORD-10477,Benjamin Parmer,babuxavier@example.net,,1999-05-06,25,25-34,Other,2024-12-04,2024,12,4,Transform Enterprise Vortals,Home & Kitchen,143.92,4.0,0.42,333.89,Cash on Delivery,Returned,True,Eluru,Uttarakhand,345881,True
ORD-10478,Warjas Thaker,poommen@example.com,911883228083.0,1998-07-05,26,25-34,Female,2023-10-19,2023,10,4,Syndicate Proactive Paradigms,Home & Kitchen,169.08,7.0,0.06,1112.55,Credit Card,Cancelled,False,Bhatpara,Uttar Pradesh,725016,True
ORD-10479,Dev Mukhopadhyay,subramanianunnati@example.org,6255829993.0,1974-09-11,50,45-54,Other,2023-01-10,2023,1,1,Extend Compelling Eyeballs,Books,4807.56,1.0,0.26,3557.59,Cash on Delivery,Unknown,True,Sultan Pur Majra,Odisha,720805,True
ORD-10480,Daniel Setty,aarini00@example.org,912819537863.0,1980-10-19,44,35-44,Male,2024-02-09,2024,2,1,Envisioneer Bleeding-Edge Infrastructures,Home & Kitchen,2546.89,5.0,0.26,9423.49,Cash on Delivery,Cancelled,False,Vadodara,Rajasthan,826266,True
ORD-10481,Bhavya Mitra,nsandhu@example.com,,1962-06-22,62,55+,Female,2022-03-01,2022,3,1,Re-Intermediate Out-Of-The-Box Interfaces,Books,1269.26,3.0,0.2,3046.22,Credit Card,Unknown,False,Allahabad,Meghalaya,788679,True
ORD-10482,Oviya Boase,yashvirajan@example.net,919478256847.0,1985-12-05,39,35-44,Female,2022-10-19,2022,10,4,Repurpose Magnetic Convergence,Home & Kitchen,54.96,10.0,0.49,280.3,Credit Card,Delivered,False,Chandigarh,Manipur,438638,True
ORD-10483,Vrinda Mody,puriyauvani@example.com,5592022469.0,1963-11-19,61,55+,Other,2023-07-14,2023,7,3,Integrate Efficient Relationships,Clothing,2576.13,9.0,0.15,19707.39,Net Banking,Unknown,False,Karnal,Uttar Pradesh,521543,True
ORD-10484,Bachittar Solanki,chakrabartinathan@example.net,6267307449.0,1996-10-29,28,25-34,Other,2023-07-27,2023,7,3,Integrate Real-Time Bandwidth,Clothing,4899.22,5.0,0.49,12493.01,UPI,Shipped,True,Aligarh,Bihar,561603,True
ORD-10485,Tarak Rajagopalan,issacvrishti@example.net,374768587.0,1981-04-20,43,35-44,Female,2023-11-04,2023,11,4,Drive Cross-Media Deliverables,Books,1.0,7.0,0.26,5.18,Cash on Delivery,Unknown,False,Jamalpur,Himachal Pradesh,960550,True
ORD-10486,Timothy Choudhary,anay03@example.net,6026196197.0,1976-05-23,48,45-54,Male,2022-06-08,2022,6,2,Iterate Distributed Info-Mediaries,Clothing,1913.06,7.0,0.38,8302.68,Credit Card,Delivered,False,Guwahati,Haryana,522296,True
ORD-10487,Rayaan Zacharia,,4452288600.0,1970-06-12,54,45-54,Other,2024-06-29,2024,6,2,Empower Web-Enabled Metrics,Clothing,4090.59,4.0,0.25,12271.77,UPI,Delivered,False,Patna,Tripura,525130,True
ORD-10488,Omaja Bhandari,prasadodika@example.com,4204010661.0,1995-10-24,29,25-34,Male,2023-03-05,2023,3,1,Incentivize One-To-One Functionalities,Books,893.86,10.0,0.3,6257.02,Credit Card,Delivered,False,Siliguri,Uttarakhand,350178,True
ORD-10489,Chaitanya Kashyap,brijeshbhatia@example.org,910177024574.0,1961-04-09,63,55+,Female,2022-05-14,2022,5,2,Brand User-Centric Users,Books,999.67,9.0,0.34,5938.04,Cash on Delivery,Delivered,False,Howrah,Goa,8189,True
ORD-10490,Vyanjana Bhat,gandhiwarhi@example.com,6276029686.0,2006-07-14,18,18-24,Other,2022-04-17,2022,4,2,Streamline Efficient Deliverables,Home & Kitchen,1839.29,4.0,0.26,5444.3,Net Banking,Cancelled,True,Dhanbad,Haryana,390547,True
ORD-10491,Tanish Kale,william01@example.org,407726257.0,1963-07-14,61,55+,Other,2024-03-13,2024,3,1,Syndicate Killer Applications,Clothing,2147.91,4.0,0.16,7216.98,Credit Card,Unknown,True,Srinagar,Telangana,762195,True
ORD-10492,Chameli Parmar,goyalgautami@example.org,6568403368.0,2000-09-14,24,18-24,Female,2024-09-09,2024,9,3,Whiteboard Global Models,Sports,583.81,6.0,0.26,2592.12,Cash on Delivery,Unknown,False,Agra,Chhattisgarh,180651,True
ORD-10493,Yug Soman,tganguly@example.net,4021504340.0,1985-07-16,39,35-44,Male,2024-06-17,2024,6,2,Facilitate Interactive Niches,Electronics,4455.91,3.0,0.26,9892.12,Cash on Delivery,Delivered,False,Navi Mumbai,Andhra Pradesh,772051,True
ORD-10494,Jagvi Ramesh,kapureshana@example.net,,1972-09-10,52,45-54,Female,2024-06-03,2024,6,2,Seize Open-Source Supply-Chains,Home & Kitchen,3772.22,10.0,0.31,26028.32,Cash on Delivery,Returned,False,Satna,Arunachal Pradesh,596441,True
ORD-10495,Lakshit Date,saxenadhriti@example.org,,1977-11-16,47,45-54,Female,2022-07-27,2022,7,3,Deploy Visionary Mindshare,Clothing,584.63,2.0,0.42,678.17,Cash on Delivery,Shipped,True,Gaya,Mizoram,697535,True
ORD-10496,Kai Kumer,jackson44@example.org,915686786137.0,1975-12-31,49,45-54,Male,2023-12-29,2023,12,4,Empower Sticky Content,Sports,682.02,9.0,0.38,3805.67,UPI,Cancelled,False,Hospet,Rajasthan,168634,True
ORD-10497,Maya Vala,lbalasubramanian@example.org,919142102108.0,1971-08-08,53,45-54,Male,2022-10-26,2022,10,4,Exploit End-To-End E-Markets,Home & Kitchen,3407.59,9.0,0.28,22081.18,Credit Card,Returned,False,Madanapalle,Nagaland,934445,True
ORD-10498,Kamala Thakkar,vaishnavi48@example.com,917294762404.0,1968-01-18,56,55+,Female,2023-02-17,2023,2,1,Transition Ubiquitous Users,Books,4267.44,6.0,0.21,20227.67,Credit Card,Delivered,False,Nagercoil,Assam,163816,True
ORD-10499,Upkaar Seshadri,,8861756486.0,2001-06-12,23,18-24,Male,2022-03-28,2022,3,1,Iterate Wireless Schemas,Home & Kitchen,1233.14,6.0,0.19,5993.06,Net Banking,Shipped,True,Sagar,Gujarat,759703,True
